"id","category","date","date_taken","file","original","name","description","camera","lens","focal_length","aperture","exposure_time","iso","front_page"
"339146297","birds","2015-12-30 12:13:39","2015:12:14 14:03:39","339146297.jpg","1V9A4526 copy.jpg","Green Catbird",,"Canon EOS 7D Mark II","Sigma 150-600s","600mm","7.1","1/50","6400","0"
"1016348807","birds","2015-12-29 02:50:41","2015:06:10 14:40:49","1016348807.jpg","Kingfisher194.jpg","Azure Kingfisher ",,"Canon EOS 7D Mark II","Sigma 150-600s","600mm","6.3","1/1000","2000","0"
"2007399449","birds","2015-12-29 02:49:02","2015:10:14 13:51:05","2007399449.jpg","1V9A3067.jpg","Eastern rosella",,"Canon EOS 7D Mark II","Sigma 150-600s","600mm","7.1","1/800","3200","1"
"414887574","birds","2015-12-29 02:53:37","2015:12:21 07:24:19","414887574.jpg","1V9A4652 copy.jpg","Brolga",,"Canon EOS 7D Mark II","sigma 150-600S","569mm","7.1","1/800","400","1"
"1258418421","birds","2015-12-30 12:16:59","2015:12:21 06:54:33","1258418421.jpg","1V9A4602 copy.jpg","Tawny Grass Bird",,"Canon EOS 7D Mark II","Sigma 150-600s","600mm","7.1","1/1000","500","1"
"1471246696","birds","2015-12-30 21:09:12","2015:12:21 07:06:11","1471246696.jpg","1V9A4640 copy.jpg","Collared sparrow Hawke",,"Canon EOS 7D Mark II","Sigma 150-600s","548mm","7.1","1/800","800","0"
"1663981026","birds","2015-12-30 21:13:47","2015:08:22 10:05:15","1663981026.jpg","1V9A1030 copy.jpg","Eastern Yellow Robin",,"Canon EOS 7D Mark II","Sigma 150-600s","600mm","6.3","1/800","4000","1"
"1831455865","birds","2015-12-30 21:14:30","2015:07:29 10:49:39","1831455865.jpg","1V9A0618 copy.jpg","Buff Banded Rail",,"Canon EOS 7D Mark II","Sigma 150-600s","600mm","6.3","1/800","250","0"
"1084458491","birds","2015-12-30 21:15:08","2015:07:28 17:44:45","1084458491.jpg","1V9A0609 copy.jpg","Red Brow Finch",,"Canon EOS 7D Mark II","Sigma 150-600s","600mm","6.3","1/320","6400","0"
"160684625","birds","2015-12-30 21:16:18","2015:10:28 13:47:37","160684625.jpg","1V9A3360 (1) copy.jpg","Red Backed wren",,"Canon EOS 7D Mark II","Sigma 150-600s","600mm","6.3","1/1000","2000","1"
"1554350701","birds","2015-12-30 21:18:10","2015:09:23 20:20:37","1554350701.jpg","1V9A2503 copy.jpg","Pacific Gull",,"Canon EOS 7D Mark II","Sigma 150-600s","600mm","8/1","1/800","250","0"
"1848826598","birds","2015-12-30 21:19:57","2015:06:11 18:37:19","1848826598.jpg","1V9A9145 copy.jpg","Crimson Winged Parrot",,"Canon EOS 7D Mark II","Sigma 150-600s","600mm","7.1","1/800","250","0"
"1474905572","birds","2015-12-30 21:22:08","2015:11:16 09:43:53","1474905572.jpg","1V9A3919 copy.jpg","Southern Emu Wren",,"Canon EOS 7D Mark II","Sigma 150-600s","600mm","7.1","1/1000","640","0"
"122148877","birds","2015-12-30 23:27:52",,"122148877.jpeg","image.jpeg","Bramhiny Kite",,,"Sigma 150-600s",,,,,"0"
"1015055349","birds","2015-12-31 01:35:02","2015:06:10 14:31:21","1015055349.jpg","1V9A8305 copy.jpg","White Bellied Sea Eagle",,"Canon EOS 7D Mark II","Sigma 150-600s","600mm","6.3","1/1250","200","0"
"2105672251","birds","2015-12-31 01:37:45","2015:06:12 16:58:23","2105672251.jpg","1V9A9699 copy.jpg","Australian Pratincole",,"Canon EOS 7D Mark II","Sigma 150-600s","340mm","8","1/1000","200","0"
"345680890","birds","2015-12-31 01:39:09","2015:06:12 16:58:56","345680890.jpg","1V9A9710 copy.jpg","Green Pygmy Goose ",,"Canon EOS 7D Mark II","Sigma 150-600s","490mm","8","1/1600","200","0"
"1428006622","birds","2015-12-31 01:42:15","2015:06:11 12:01:06","1428006622.jpg","1V9A8856 copy.jpg","Whiskered Tern",,"Canon EOS 7D Mark II","Sigma 150-600s","524mm","6.3","1/1000","200","0"
"580920686","birds","2015-12-31 01:43:41","2015:06:11 11:58:14","580920686.jpg","1V9A8832 copy.jpg","Rose Combed Jacana",,"Canon EOS 7D Mark II","Sigma 150-600s","150mm","6.3","1/800","200","0"
"371328622","birds","2015-12-31 01:44:43","2015:12:06 06:40:44","371328622.jpg","1V9A4288 copy.jpg","Brown Quail",,"Canon EOS 7D Mark II","Sigma 150-600s","600mm","6.3","1/1000","250","0"
"977309469","birds","2015-12-31 01:45:25","2015:11:27 11:10:29","977309469.jpg","1V9A4132 copy.jpg","Superb Wren",,"Canon EOS 7D Mark II","Sigma 150-600s","600mm","7.1","1/1000","1250","0"
"489332035","birds","2015-12-31 01:49:54","2015:07:16 16:54:25","489332035.jpg","1V9A0235 copy.jpg","Variegated Wren",,"Canon EOS 7D Mark II","Sigma 150-600s","600mm","7.1","1/1000","1000","0"
"1458919737","birds","2015-12-31 01:50:46","2015:07:19 10:01:53","1458919737.jpg","1V9A0383 copy.jpg","Chestnut Breasted Manikin",,"Canon EOS 7D Mark II","Sigma 150-600s","600mm","6.3","1/800","800","0"
"660257918","birds","2015-12-31 01:54:08","2015:07:20 12:00:55","660257918.jpg","1V9A0457 copy.jpg","Buff Banded Rail",,"Canon EOS 7D Mark II","Sigma 150-600s","600mm","7.1","1/800","5000","0"
"671769903","birds","2015-12-31 01:57:15","2015:07:20 11:56:33","671769903.jpg","1V9A0444 copy.jpg","Superb Wren",,"Canon EOS 7D Mark II","Sigma 150-600s","548mm","7.1","1/800","1250","0"
"1930732272","birds","2016-01-01 16:58:10","2015:12:21 06:37:06","1930732272.jpg","1V9A4568 copy.jpg","Cannel-billed Cuckoo",,"Canon EOS 7D Mark II","Sigma 150-600s","600mm","7.1","1/1000","250","0"
"1105376114","birds","2015-12-31 22:38:36","2015:12:26 06:49:46","1105376114.jpg","1V9A4821 copy.jpg","Superb Wren Female",,"Canon EOS 7D Mark II","Sigma 150-600s","600mm","7.1","1/1000","1600","0"
"308145611","birds","2016-01-02 15:06:17","2015:08:07 11:00:07","308145611.jpg","1V9A0935 copy.jpg","Peregine Falcon",,"Canon EOS 7D Mark II","Sigma 150-600s","600mm","7.1","1/1000","5000","0"
"879955046","birds","2016-01-02 15:09:12","2015:08:07 11:30:56","879955046.jpg","1V9A0954.jpg","White Bellied Sea Eagle juvenile",,"Canon EOS 7D Mark II","Sigma 150-600s","524mm","7.1","1/1000","400","0"
"1635818018","birds","2016-01-02 15:10:10","2015:08:07 12:47:16","1635818018.jpg","1V9A0970 copy.jpg","Lewin Honey Eater",,"Canon EOS 7D Mark II","Sigma 150-600s","600mm","7.1","1/800","2500","0"
"1652330268","birds","2016-01-02 15:10:59","2015:08:16 11:37:28","1652330268.jpg","1V9A0979 copy.jpg","Silver Gull",,"Canon EOS 7D Mark II","Sigma 150-600s","600mm","7.1","1/800","250","0"
"803636818","birds","2016-01-02 15:13:01","2015:08:18 12:06:04","803636818.jpg","1V9A1022 copy.jpg","Spangled Drongo",,,"Sigma 150-600s","mm",,,,"0"
"149453297","birds","2016-01-03 22:18:46","2015:11:23 13:21:18","149453297.jpg","1V9A3967 copy.jpg","Golden Whistler",,"Canon EOS 7D Mark II","Sigma 150-600s","600mm","7.1","1/250","6400","0"
"28687705","birds","2016-01-02 15:16:00","2015:08:22 10:31:26","28687705.jpg","1V9A1057 copy.jpg","White Cheeked Honey-eater",,"Canon EOS 7D Mark II","Sigma 150-600s","600mm","6.3","1/1000","250","0"
"787435987","birds","2016-01-02 15:16:58","2015:08:22 10:40:41","787435987.jpg","1V9A1062 copy.jpg","Magpie",,"Canon EOS 7D Mark II","Sigma 150-600s","600mm","6.3","1/800","800","0"
"1351145835","birds","2016-01-02 15:18:53","2015:08:26 14:59:03","1351145835.jpg","1V9A1064 copy.jpg","King Parrot",,"Canon EOS 7D Mark II","Sigma 150-600s","600mm","6.3","1/800","2500","0"
"487486524","birds","2016-01-02 15:19:32","2015:08:31 15:42:51","487486524.jpg","1V9A1092 copy.jpg","Brown Thornbill",,"Canon EOS 7D Mark II","Sigma 150-600s","558mm","6.3","1/1000","1600","0"
"323299703","birds","2016-01-02 15:20:50","2015:08:31 15:51:27","323299703.jpg","1V9A1111 copy.jpg","Whitefaces Heron",,"Canon EOS 7D Mark II","Sigma 150-600s","600mm","6.3","1/800","500","0"
"482320362","birds","2016-01-02 15:21:13","2015:09:07 11:38:04","482320362.jpg","1V9A1175 copy.jpg","Wood Duck female",,"Canon EOS 7D Mark II","Sigma 150-600s","600mm","6.3","1/800","200","0"
"440096877","birds","2016-01-02 15:22:31","2015:09:11 17:26:04","440096877.jpg","1V9A1269 copy.jpg","Noisy Minor",,"Canon EOS 7D Mark II","Sigma 150-600s","240mm","6.3","1/400","1000","0"
"2059982835","birds","2016-01-02 15:24:08","2015:09:13 13:15:54","2059982835.jpg","1V9A1307 copy.jpg","Australian Shell Duck",,"Canon EOS 7D Mark II","Sigma 150-600s","389mm","6.3","1/640","1000","0"
"1954614004","birds","2016-01-02 15:25:18","2015:09:13 13:14:45","1954614004.jpg","1V9A1300 copy.jpg","Australian Shell Duck male",,"Canon EOS 7D Mark II","Sigma 150-600s","600mm","6.3","1/800","1250","0"
"379070023","birds","2016-01-03 18:55:12","2015:10:30 16:16:57","379070023.jpg","1V9A3403 copy.jpg","Masked Lapwing Plover 4days old",,"Canon EOS 7D Mark II","Sigma 150-600s","250mm","9","1/400","200","0"
"1771974190","birds","2016-01-02 18:31:14","2015:09:14 19:42:47","1771974190.jpg","1V9A1489 copy.jpg","Australian Ring-neck Parrot",,"Canon EOS 7D Mark II","Sigma 150-600s","250mm","7.1","1/320","2000","0"
"490699268","birds","2016-01-02 18:32:32","2015:09:18 10:55:17","490699268.jpg","1V9A1857 copy.jpg","White-backed Magpie",,"Canon EOS 7D Mark II","Sigma 150-600s","250mm","11","1/320","250","0"
"555261801","birds","2016-01-02 18:33:45","2015:09:18 11:52:59","555261801.jpg","1V9A1878 copy.jpg","Red-capped Parrot",,"Canon EOS 7D Mark II","Sigma 150-600s","250mm","8","1/320","800","0"
"1409849011","birds","2016-01-02 18:35:15","2015:09:18 14:26:16","1409849011.jpg","1V9A1918 copy.jpg","Red-winged Wren",,"Canon EOS 7D Mark II","Sigma 150-600s","600mm","10","1/500","6400","0"
"1347770779","birds","2016-01-02 18:35:53","2015:09:18 20:33:59","1347770779.jpg","1V9A1940 copy.jpg","Black Duck",,"Canon EOS 7D Mark II","Sigma 150-600s","250mm","13","1/30","6400","0"
"267859026","birds","2016-01-02 18:36:41","2015:09:19 11:16:47","267859026.jpg","1V9A1947 copy.jpg","Red-wattel Bird",,"Canon EOS 7D Mark II","Sigma 150-600s","147mm","9","1/200","1250","0"
"435290202","birds","2016-01-02 18:38:43","2015:09:19 14:37:23","435290202.jpg","1V9A2009 copy.jpg","Common Bronze-wing Pigeon  female",,"Canon EOS 7D Mark II","Sigma 150-600s","600mm","9","1/1000","4000","0"
"730508159","birds","2016-01-02 18:40:13","2015:09:19 14:37:52","730508159.jpg","1V9A2014 copy.jpg","Common Bronze-wing Pigeon  male",,"Canon EOS 7D Mark II","Sigma 150-600s","600mm","9","1/800","3200","0"
"971667671","birds","2016-01-02 18:41:20","2015:09:20 11:27:20","971667671.jpg","1V9A2123 copy.jpg","Australian Grebe",,"Canon EOS 7D Mark II","Sigma 150-600s","600mm","9","1/800","1600","0"
"1538891543","birds","2016-01-02 18:42:16","2015:09:20 11:36:07","1538891543.jpg","1V9A2134 copy.jpg","Grey Fantail",,"Canon EOS 7D Mark II","Sigma 150-600s","600mm","9","1/1000","640","0"
"930816200","birds","2016-01-02 18:43:15","2015:09:20 13:38:11","930816200.jpg","1V9A2153 copy.jpg","Black Faced Cuckoo Shrike",,"Canon EOS 7D Mark II","Sigma 150-600s","600mm","10","1/800","1600","0"
"14083025","birds","2016-01-03 18:58:22","2015:10:30 16:18:55","14083025.jpg","1V9A3408.jpg","Masked Lapwing Plover ",,"Canon EOS 7D Mark II","Sigma 150-600s","250mm","9","1/320","250","0"
"1110063329","birds","2016-01-03 19:00:01","2015:10:31 17:05:58","1110063329.jpg","1V9A3518 copy.jpg","Pacific Golden Plover",,"Canon SX700HS","Sigma 150-600s","250mm","6.3","1/320","400","0"
"2115206868","birds","2016-01-02 18:44:57","2015:09:22 13:22:16","2115206868.jpg","1V9A2340 copy.jpg","Welcome Swallow",,"Canon EOS 7D Mark II","Sigma 150-600s","250mm","10","1/200","6400","0"
"1139307786","birds","2016-01-02 18:46:10","2015:09:23 20:08:00","1139307786.jpg","1V9A2483 copy.jpg","Common Greenshank",,"Canon EOS 7D Mark II","Sigma 150-600s","600mm","8","1/1000","250","0"
"1563905909","birds","2016-01-02 18:46:42","2015:09:23 20:11:38","1563905909.jpg","1V9A2484 copy.jpg","Whimbrel",,"Canon EOS 7D Mark II","Sigma 150-600s","600mm","8","1/800","200","0"
"114786319","birds","2016-01-02 18:49:19","2015:09:23 20:19:46","114786319.jpg","1V9A2501 copy.jpg","Pacific Gull",,"Canon EOS 7D Mark II","Sigma 150-600s","600mm","8","1/800","125","0"
"417595552","birds","2016-01-02 18:50:12","2015:09:23 20:31:41","417595552.jpg","1V9A2530 copy.jpg","Common Greenshank",,"Canon EOS 7D Mark II","Sigma 150-600s","600mm","6.3","1/1000","320","0"
"580732113","birds","2016-01-02 18:50:39","2015:09:23 20:35:18","580732113.jpg","1V9A2551 copy.jpg","Red Capped Plover",,"Canon EOS 7D Mark II","Sigma 150-600s","600mm","6.3","1/1000","320","0"
"835971904","birds","2016-01-02 18:51:34","2015:09:24 11:52:16","835971904.jpg","1V9A2564 copy.jpg"," Singing Honey-eater",,"Canon EOS 7D Mark II","Sigma 150-600s","600mm","6.3","1/800","2000","0"
"1282371539","birds","2016-01-02 19:23:32","2015:10:28 12:59:22","1282371539.jpg","1V9A3319 copy.jpg","Jacky winter",,"Canon EOS 7D Mark II","Sigma 150-600s","600mm","6.3","1/800","1250","0"
"1454308451","birds","2016-01-02 19:24:38","2015:10:28 13:32:15","1454308451.jpg","1V9A3330 copy.jpg","Pallid Cuckoo",,"Canon EOS 7D Mark II","Sigma 150-600s","600mm","6.3","1/1000","400","0"
"1833190794","birds","2016-01-02 19:25:45",,"1833190794.jpg","1V9A3174 copy.jpg","White Browed Scrub Wren",,,,,,,,"0"
"82622775","birds","2016-01-03 19:01:55","2015:10:31 17:07:57","82622775.jpg","1V9A3520 copy.jpg","White Faced Heron",,"Canon EOS 7D Mark II","Sigma 150-600s","178mm","8","1/250","800","0"
"1195524905","birds","2016-01-02 19:27:57","2015:10:18 11:30:53","1195524905.jpg","1V9A3139 copy.jpg","Boack-winged Stilt",,"Canon EOS 7D Mark II","Sigma 150-600s","600mm","8","1/1000","640","0"
"316774863","birds","2016-01-03 19:03:44","2015:11:06 08:14:08","316774863.jpg","1V9A3575 copy.jpg","Sharp Tailed Sandpiper",,"Canon EOS 7D Mark II","Sigma 150-600s","600mm","9","1/800","500","0"
"440505781","birds","2016-01-02 19:29:10","2015:10:15 13:51:03","440505781.jpg","1V9A3090 copy.jpg","Eastern Whip Bird",,"Canon EOS 7D Mark II","Sigma 150-600s","600mm","8","1/200","6400","0"
"538958433","birds","2016-01-02 19:31:48","2015:10:14 14:19:29","538958433.jpg","1V9A3082 copy.jpg","Coucal Pheasant",,"Canon EOS 7D Mark II","Sigma 150-600s","569mm","7.1","1/800","2500","0"
"1354201293","birds","2016-01-02 19:32:32","2015:10:08 10:59:42","1354201293.jpg","1V9A3056 copy.jpg","White Headed Pigeon",,"Canon EOS 7D Mark II","Sigma 150-600s","600mm","7.1","1/250","6400","0"
"131165413","birds","2016-01-02 19:34:26","2015:10:08 10:34:15","131165413.jpg","1V9A3053 copy.jpg","Rainbow Lorikeet",,"Canon EOS 7D Mark II","Sigma 150-600s","600mm","7.1","1/1000","1250","1"
"2008213674","birds","2016-01-02 19:35:01","2015:10:02 12:03:43","2008213674.jpg","1V9A3032 copy.jpg","Silver-eye",,"Canon EOS 7D Mark II","Sigma 150-600s","600mm","7.1","1/800","1000","1"
"1759750806","birds","2016-01-02 19:36:26","2015:10:02 12:01:30","1759750806.jpg","1V9A3028 copy.jpg","Topknot Pigeon",,"Canon EOS 7D Mark II","Sigma 150-600s","600mm","7.1","1/1000","640","0"
"1547185877","birds","2016-01-03 19:05:19","2015:11:06 08:19:01","1547185877.jpg","1V9A3595 copy.jpg","Royal Spoonbill",,"Canon EOS 7D Mark II","Sigma 150-600s","600mm","8","1/1000","500","0"
"1585598270","birds","2016-01-02 19:38:41","2015:10:02 10:27:28","1585598270.jpg","1V9A3007 copy.jpg","Basian Thrush",,"Canon EOS 7D Mark II","Sigma 150-600s","600mm","7.1","1/50","6400","0"
"1115901449","birds","2016-01-03 19:06:09","2015:11:06 08:20:05","1115901449.jpg","1V9A3598 copy.jpg","White Breasted wood Swallow",,"Canon EOS 7D Mark II","Sigma 150-600s","600mm","8","1/800","400","0"
"1091428073","birds","2016-01-02 19:40:08","2015:10:02 09:58:17","1091428073.jpg","1V9A3003 copy.jpg","Australian Logrunner",,"Canon EOS 7D Mark II","Sigma 150-600s","600mm","7.1","1/15","6400","0"
"711053815","birds","2016-01-02 19:42:28","2015:10:01 10:36:04","711053815.jpg","1V9A2988 copy.jpg","Satin Bower Bird  female",,"Canon EOS 7D Mark II","Sigma 150-600s","600mm","9","1/500","6400","0"
"127128123","birds","2016-01-02 19:43:48","2015:10:01 10:01:03","127128123.jpg","1V9A2981 copy.jpg","Eastern Whip Bird",,"Canon EOS 7D Mark II","Sigma 150-600s","300mm","9","1/125","6400","0"
"743157004","birds","2016-01-02 19:44:51","2015:09:25 14:19:23","743157004.jpg","1V9A2735 copy.jpg","Australian Pipit",,"Canon EOS 7D Mark II","Sigma 150-600s","250mm","9","1/400","2000","0"
"968035339","birds","2016-01-02 19:45:51","2015:09:25 14:15:13","968035339.jpg","1V9A2726 copy.jpg","Zebra Finch",,"Canon EOS 7D Mark II","Sigma 150-600s","250mm","18","1/320","3200","0"
"511809137","birds","2016-01-02 19:46:46","2015:09:24 12:17:01","511809137.jpg","1V9A2579 copy.jpg","Chiming Wedge-bill",,"Canon EOS 7D Mark II","Sigma 150-600s","600mm","7.1","1/800","500","0"
"1674415259","birds","2016-01-02 19:52:20","2015:09:24 12:12:50","1674415259.jpg","1V9A2571 copy.jpg","Western Grasswren",,"Canon EOS 7D Mark II","Sigma 150-600s","600mm","6.3","1/1000","320","0"
"529254588","birds","2016-01-02 19:54:31","2015:09:24 12:09:47","529254588.jpg","1V9A2567 copy.jpg","Western Grasswren",,"Canon EOS 7D Mark II","Sigma 150-600s","600mm","6.3","1/1000","400","0"
"415207160","birds","2016-01-03 19:07:32","2015:11:06 08:26:04","415207160.jpg","1V9A3607 copy.jpg","BlCK WINGED STILT",,"Canon EOS 7D Mark II","Sigma 150-600s","600mm","8","1/1000","400","0"
"498429683","birds","2016-01-03 19:08:36","2015:11:06 08:27:32","498429683.jpg","1V9A3609 copy.jpg","Black Fronted Dotterel",,"Canon EOS 7D Mark II","Sigma 150-600s","600mm","8","1/800","1600","0"
"129712993","birds","2016-01-03 19:09:01","2015:11:06 08:53:24","129712993.jpg","1V9A3630 copy.jpg","Pacific Golden Plover",,"Canon EOS 7D Mark II","Sigma 150-600s","600mm","8","1/1000","800","0"
"228163521","birds","2016-01-03 19:10:29","2015:11:06 09:32:22","228163521.jpg","1V9A3642 copy.jpg","Dollar Bird",,"Canon EOS 7D Mark II","Sigma 150-600s","600mm","8","1/1000","200","0"
"354574949","birds","2016-01-03 19:11:20","2015:11:06 10:09:55","354574949.jpg","1V9A3659 copy.jpg","Great Egret",,"Canon EOS 7D Mark II","Sigma 150-600s","389mm","8","1/500","640","0"
"1243974719","birds","2016-01-03 19:12:31","2015:11:11 08:16:38","1243974719.jpg","1V9A3667 copy.jpg","Brown Thornbill",,"Canon EOS 7D Mark II","Sigma 150-600s","600mm","8","1/1000","3200","0"
"281726685","birds","2016-01-03 19:15:02","2015:11:11 08:31:25","281726685.jpg","1V9A3679 copy.jpg","Golden Headed Cisticla",,"Canon EOS 7D Mark II","Sigma 150-600s","600mm","8","1/800","320","0"
"1331491283","birds","2016-01-03 19:15:49","2015:11:12 14:20:29","1331491283.jpg","1V9A3709 copy.jpg","Spectacled Monarch",,"Canon EOS 7D Mark II","Sigma 150-600s","600mm","8","1/40","6400","0"
"1604947357","birds","2016-01-03 19:16:37","2015:11:13 08:09:14","1604947357.jpg","1V9A3728 copy.jpg","Bar  Shouldered Kite juvenile",,"Canon EOS 7D Mark II","Sigma 150-600s","600mm","8","1/1000","250","0"
"691308088","birds","2016-01-03 22:19:42","2015:11:22 14:34:59","691308088.jpg","1V9A3964.jpg","Pacific Heron",,"Canon EOS 7D Mark II","Sigma 150-600s","600mm","7.1","1/800","5000","0"
"2048566435","birds","2016-01-03 22:20:52","2015:11:24 14:08:47","2048566435.jpg","1V9A4016 copy.jpg","Rufus Fantail",,"Canon EOS 7D Mark II","Sigma 150-600s","309mm","7.1","1/125","6400","0"
"1887420487","birds","2016-01-03 22:21:40","2015:11:24 14:09:38","1887420487.jpg","1V9A4022 copy.jpg","Rufus Fantail",,"Canon EOS 7D Mark II","Sigma 150-600s","309mm","7.1","1/80","6400","0"
"798585616","birds","2016-01-04 13:54:14","2015:11:29 15:00:19","798585616.jpg","IMG_5041.jpg","Eastern Curlew",,"Canon PowerShot SX700 HS","Sigma 150-600s","109.23699421965mm","6.3","1/250","125","0"
"1353805666","birds","2016-01-03 22:24:40","2015:11:27 11:22:35","1353805666.jpg","1V9A4149 copy.jpg","Golden Headed Cisticola",,"Canon EOS 7D Mark II","Sigma 150-600s","600mm","7.1","1/800","500","0"
"1280975110","birds","2016-01-03 22:26:32","2015:11:30 09:20:44","1280975110.jpg","1V9A4161 copy.jpg","Southern Emu Wren male",,"Canon EOS 7D Mark II","Sigma 150-600s","600mm","7.1","1/1000","1000","1"
"577418620","birds","2016-01-03 22:27:15","2015:11:30 16:47:36","577418620.jpg","1V9A4171 copy.jpg","Fig Bird male",,"Canon EOS 7D Mark II","Sigma 150-600s","600mm","10","1/800","5000","0"
"2102151716","birds","2016-01-03 22:28:02","2015:11:30 16:49:22","2102151716.jpg","1V9A4178 copy.jpg","Fig Bird female",,"Canon EOS 7D Mark II","Sigma 150-600s","600mm","7.1","1/800","1250","0"
"409025351","birds","2016-01-03 22:28:39","2015:11:30 16:52:31","409025351.jpg","1V9A4182 copy.jpg","Pied Butcherbird juvenile",,"Canon EOS 7D Mark II","Sigma 150-600s","569mm","7.1","1/1000","800","0"
"1420328139","birds","2016-01-03 22:30:07","2015:12:03 15:54:03","1420328139.jpg","1V9A4203.jpg","Great Black Cormorant",,"Canon EOS 7D Mark II","Sigma 150-600s","600mm","7.1","1/1000","500","0"
"597421570","birds","2016-01-03 22:31:05","2015:12:03 16:49:37","597421570.jpg","1V9A4222.jpg","Long Bill Corela",,"Canon EOS 7D Mark II","Sigma 150-600s","600mm","7.1","1/1000","320","0"
"1261584232","birds","2016-01-03 22:31:50","2015:12:03 16:52:47","1261584232.jpg","1V9A4230.jpg","Long Bill Corella",,"Canon EOS 7D Mark II","Sigma 150-600s","600mm","7.1","1/1000","1000","0"
"1743597894","birds","2016-01-03 22:34:23","2015:12:07 14:16:56","1743597894.jpg","1V9A4360 copy.jpg","Green Catbird",,"Canon EOS 7D Mark II","Sigma 150-600s","600mm","6.3","1/160","6400","0"
"463115957","birds","2016-01-03 22:35:08","2015:12:07 14:35:32","463115957.jpg","1V9A4372 copy.jpg","Large-bill Wren",,"Canon EOS 7D Mark II","Sigma 150-600s","192mm","7.1","1/80","6400","0"
"1182224203","birds","2016-01-03 22:35:55","2015:12:07 14:35:49","1182224203.jpg","1V9A4377 copy.jpg","Large- billed Wren",,"Canon EOS 7D Mark II","Sigma 150-600s","192mm","7.1","1/200","6400","0"
"1895692389","birds","2016-01-03 22:36:19","2015:12:08 07:01:35","1895692389.jpg","1V9A4418 copy.jpg","Collared Sparrow Hawke",,"Canon EOS 7D Mark II","Sigma 150-600s","600mm","8","1/800","2000","0"
"1771483888","birds","2016-01-03 22:37:04","2015:12:10 08:15:30","1771483888.jpg","1V9A4450 copy.jpg","Silver-eye",,"Canon EOS 7D Mark II","Sigma 150-600s","600mm","7.1","1/800","4000","0"
"1595445062","birds","2016-01-03 22:37:55","2015:08:17 16:36:07","1595445062.jpg","IMG_4270.jpg","Common Starling",,"Canon PowerShot SX700 HS","Sigma 150-600s","135mm","6.9","1/320","250","0"
"125535915","birds","2016-01-03 22:39:02","2015:12:06 06:39:45","125535915.jpg","1V9A4280 copy.jpg","Buff Banded Rail juvenile",,"Canon EOS 7D Mark II","Sigma 150-600s","600mm","6.3","1/1000","400","0"
"765200529","birds","2016-01-03 22:39:38","2015:08:24 15:58:03","765200529.jpg","IMG_4289.jpg","Pelican",,"Canon PowerShot SX700 HS","Sigma 150-600s","60.697001034126mm","7.1","1/250","500","0"
"595344685","birds","2016-01-03 22:40:11","2015:08:24 15:59:04","595344685.jpg","IMG_4294 copy.jpg","Little Pied Cormorant",,"Canon PowerShot SX700 HS","new","85.881002087683mm","7.1","1/250","1600","0"
"1547388632","birds","2016-01-03 22:41:55","2015:08:31 16:14:24","1547388632.jpg","IMG_4326.jpg","Lace-neck Dove",,"Canon PowerShot SX700 HS","Sigma 150-600s","135mm","6.9","1/640","800","1"
"2043475748","birds","2016-01-03 22:49:54","2015:08:31 16:29:12","2043475748.jpg","IMG_4329.jpg","Magpie juvenile",,"Canon PowerShot SX700 HS","Sigma 150-600s","43.898mm","7.1","1/100","800","0"
"1840593900","birds","2016-01-03 22:51:07","2015:09:10 16:05:34","1840593900.jpg","IMG_4407 copy.jpg","Reef Heron  grey morph",,"Canon 7D Mark 11","Sigma 150-600s","mm",,,,"0"
"736390317","birds","2016-01-03 22:52:13","2015:10:08 15:02:13","736390317.jpg","IMG_4609.jpg","Australian Darter",,"Canon PowerShot SX700 HS","Sigma 150-600s","42.788mm","7.1","1/200","500","1"
"1304285771","birds","2016-01-03 22:53:29","2015:11:12 15:35:51","1304285771.jpg","IMG_4837 copy.jpg","Grey-tailed Tttler",,"Canon PowerShot SX700 HS","new","67.938997821351mm","6.3","1/250","160","0"
"568936882","birds","2016-01-03 22:54:10","2015:11:12 16:26:18","568936882.jpg","IMG_4864 copy.jpg","Grey-tailed Tattler",,"Canon PowerShot SX700 HS","Sigma 150-600s","135mm","6.9","1/320","250","0"
"1740267874","birds","2016-01-03 22:54:45","2015:11:24 15:24:48","1740267874.jpg","IMG_4918.jpg","Yellow-tail Black Cockatoo",,"Canon PowerShot SX700 HS","Sigma 150-600s","135mm","8","1/125","100","0"
"1541068504","birds","2016-01-03 22:56:04","2015:11:24 15:39:54","1541068504.jpg","IMG_4943.jpg","Yellow-tail Black Cockatoo",,"Canon PowerShot SX700 HS","Sigma 150-600s","67.938997821351mm","5.6","1/125","160","0"
"1344371391","birds","2016-01-03 22:56:47","2015:11:25 16:37:11","1344371391.jpg","IMG_4992.jpg","Black Cuckoo Shrike juvenile",,"Canon PowerShot SX700 HS","new","135mm","6.9","1/320","160","0"
"326149667","birds","2016-01-04 13:56:01","2015:11:29 15:13:07","326149667.jpg","IMG_5066.jpg","Crested Tern",,"Canon PowerShot SX700 HS","new","135mm","6.9","1/320","800","0"
"830575127","birds","2016-01-04 13:57:15","2015:12:04 15:49:37","830575127.jpg","IMG_5075.jpg","Sooty Oyster-catcher",,"Canon PowerShot SX700 HS","Sigma 150-600s","135mm","6.9","1/320","800","0"
"48942803","birds","2016-01-04 13:58:04","2015:12:28 16:21:12","48942803.jpg","IMG_5171.jpg","Pied Butcherbird",,"Canon PowerShot SX700 HS","Sigma 150-600s","48.892mm","6.3","1/200","800","0"
"2139475206","birds","2016-01-04 19:34:51","2015:06:15 09:21:11","2139475206.jpg","1V9A0039.jpg","Little Friarbird",,"Canon EOS 7D Mark II","Sigma 150-600s","600mm","14","1/800","2000","0"
"55285989","birds","2016-01-04 19:36:18","2015:06:15 09:22:39","55285989.jpg","1V9A0042.jpg","Black Kite",,"Canon EOS 7D Mark II","Sigma 150-600s","600mm","14","1/250","6400","1"
"1584254397","birds","2016-01-04 19:36:40","2015:07:10 17:35:18","1584254397.jpg","1V9A0195.jpg","Crested Pigeon",,"Canon EOS 7D Mark II","Sigma 150-600s","600mm","7.1","1/640","6400","1"
"486080471","birds","2016-01-04 19:37:30","2015:07:16 17:07:13","486080471.jpg","1V9A0250.jpg","Australian Ibis",,"Canon EOS 7D Mark II","Sigma 150-600s","600mm","6.3","1/800","400","1"
"395873981","birds","2016-01-04 19:38:21","2015:07:16 17:19:52","395873981.jpg","1V9A0286.jpg","Osprey",,"Canon EOS 7D Mark II","Sigma 150-600s","569mm","6.3","1/800","500","0"
"936925085","birds","2016-01-04 19:39:16","2015:07:19 09:54:22","936925085.jpg","1V9A0364.jpg","Rainbow Lorikeet",,"Canon EOS 7D Mark II","Sigma 150-600s","370mm","6.3","1/640","400","1"
"161068773","birds","2016-01-04 19:39:53","2015:07:20 11:42:05","161068773.jpg","1V9A0413.jpg","Eastern Spinebill",,"Canon EOS 7D Mark II","Sigma 150-600s","279mm","7.1","1/500","5000","0"
"215550582","birds","2016-01-04 19:40:54","2015:07:20 11:58:49","215550582.jpg","1V9A0452.jpg","Lewin Honey-eater",,"Canon EOS 7D Mark II","Sigma 150-600s","260mm","7.1","1/500","1600","0"
"1234665840","birds","2016-01-04 19:41:35","2015:07:28 17:36:20","1234665840.jpg","1V9A0580.jpg","Red Brow Finch",,"Canon EOS 7D Mark II","Sigma 150-600s","600mm","6.3","1/400","6400","1"
"499388446","birds","2016-01-04 19:42:23","2015:07:30 16:30:57","499388446.jpg","1V9A0637.jpg","Brown Honeyeater",,"Canon EOS 7D Mark II","Sigma 150-600s","600mm","6.3","1/800","1000","0"
"135603499","birds","2016-01-04 19:43:14","2015:07:31 17:19:47","135603499.jpg","1V9A0651.jpg","Straw Necked Ibis",,"Canon EOS 7D Mark II","Sigma 150-600s","600mm","6.3","1/800","800","0"
"1348008417","birds","2016-01-04 19:44:10","2015:08:02 11:54:39","1348008417.jpg","1V9A0691.jpg","Satin Bower Bird  male",,"Canon EOS 7D Mark II","Sigma 150-600s","600mm","7.1","1/1000","5000","0"
"614608955","birds","2016-01-04 19:45:33","2015:08:03 13:03:14","614608955.jpg","1V9A0752.jpg","Great Crested Grebe",,,"Sigma 150-600s","mm",,,,"0"
"1257821657","birds","2016-01-04 22:01:33","2015:06:11 15:14:53","1257821657.jpg","1V9A9025.jpg","Northern Fantail",,"Canon EOS 7D Mark II","Sigma 150-600s","600mm","6.3","1/800","2500","0"
"1609625484","birds","2016-01-04 19:47:04","2015:08:03 13:59:01","1609625484.jpg","1V9A0802.jpg","Hardhead Duck male",,"Canon EOS 7D Mark II","Sigma 150-600s","600mm","7.1","1/800","640","0"
"206800619","birds","2016-01-04 19:48:06","2015:08:03 13:57:23","206800619.jpg","1V9A0786.jpg","Hardhead Duck female",,"Canon EOS 7D Mark II","Sigma 150-600s","600mm","7.1","1/1000","1000","0"
"775599211","birds","2016-01-04 19:50:11","2015:06:11 10:48:42","775599211.jpg","1V9A8661.jpg","Brolga",,"Canon EOS 7D Mark II","Sigma 150-600s","600mm","6.3","1/1000","400","0"
"1770849660","birds","2016-01-04 19:50:56","2015:06:11 10:52:47","1770849660.jpg","1V9A8680.jpg","Plumed Whistling Duck",,"Canon EOS 7D Mark II","Sigma 150-600s","360mm","6.3","1/640","320","0"
"624139669","birds","2016-01-04 19:51:45","2015:06:11 10:54:48","624139669.jpg","1V9A8688.jpg","White Bellied Sea Eagle",,"Canon EOS 7D Mark II","Sigma 150-600s","600mm","6.3","1/1000","400","0"
"1037301762","birds","2016-01-04 19:52:28","2015:06:11 11:10:46","1037301762.jpg","1V9A8714.jpg","Whistling Kite",,"Canon EOS 7D Mark II","Sigma 150-600s","600mm","6.3","1/1000","500","0"
"1596012822","birds","2016-01-04 19:52:56","2015:06:11 11:11:33","1596012822.jpg","1V9A8721.jpg","Nankeen Night Heron juvenile",,"Canon EOS 7D Mark II","Sigma 150-600s","600mm","6.3","1/800","640","0"
"2017192262","birds","2016-01-04 19:53:35","2015:06:11 11:30:34","2017192262.jpg","1V9A8761.jpg","Nankeen Night Heron",,"Canon EOS 7D Mark II","Sigma 150-600s","600mm","6.3","1/1000","4000","0"
"2100914381","birds","2016-01-04 19:54:08","2015:06:11 11:34:34","2100914381.jpg","1V9A8775.jpg","Burdekin Duck",,"Canon EOS 7D Mark II","Sigma 150-600s","600mm","6.3","1/800","1250","0"
"233481423","birds","2016-01-04 19:54:47","2015:06:11 11:58:14","233481423.jpg","1V9A8831.jpg","Jacana",,"Canon EOS 7D Mark II","Sigma 150-600s","150mm","6.3","1/800","200","0"
"1994177053","birds","2016-01-04 19:55:53","2015:06:11 14:57:57","1994177053.jpg","1V9A8981.jpg","Olive Backed Oriole",,"Canon EOS 7D Mark II","Sigma 150-600s","600mm","6.3","1/1250","200","0"
"506092507","birds","2016-01-04 22:02:28","2015:06:11 15:15:48","506092507.jpg","1V9A9038.jpg","Leaden Flycatcher",,"Canon EOS 7D Mark II","Sigma 150-600s","600mm","6.3","1/1000","2500","0"
"1197879221","birds","2016-01-04 22:03:16","2015:06:11 18:45:15","1197879221.jpg","1V9A9171.jpg","Peaceful Dove",,"Canon EOS 7D Mark II","Sigma 150-600s","600mm","7.1","1/800","500","0"
"1842819188","birds","2016-01-04 22:04:04","2015:06:11 18:55:15","1842819188.jpg","1V9A9190.jpg","Restless Flycatcher",,"Canon EOS 7D Mark II","Sigma 150-600s","548mm","7.1","1/800","3200","0"
"1925707739","birds","2016-01-04 22:05:07","2015:06:12 14:31:03","1925707739.jpg","1V9A9390.jpg","Rufous Whistler",,"Canon EOS 7D Mark II","Sigma 150-600s","600mm","7.1","1/800","500","0"
"1880766459","birds","2016-01-04 22:05:33","2015:06:12 14:35:37","1880766459.jpg","1V9A9406.jpg","Mistletoe Bird",,"Canon EOS 7D Mark II","Sigma 150-600s","600mm","7.1","1/800","250","0"
"481184458","birds","2016-01-04 22:07:15","2015:06:12 14:58:46","481184458.jpg","1V9A9438.jpg","Yellow Fig-bird female",,"Canon EOS 7D Mark II","Sigma 150-600s","600mm","8","1/800","500","0"
"1590718486","birds","2016-01-04 22:08:03","2015:06:12 15:01:11","1590718486.jpg","1V9A9449.jpg","Yellow Fig-bird male",,"Canon EOS 7D Mark II","Sigma 150-600s","600mm","8","1/1000","200","0"
"821159667","birds","2016-01-04 22:08:47","2015:06:12 15:02:00","821159667.jpg","1V9A9458.jpg","Varied Triller",,"Canon EOS 7D Mark II","Sigma 150-600s","600mm","8","1/800","250","0"
"2136731738","birds","2016-01-04 22:11:00","2015:06:12 16:04:25","2136731738.jpg","1V9A9548.jpg","Magpie Goose",,"Canon EOS 7D Mark II","Sigma 150-600s","600mm","8","1/800","500","0"
"478335960","birds","2016-01-04 22:11:51","2015:06:12 16:06:06","478335960.jpg","1V9A9554.jpg","Magpie Goose",,,"Sigma 150-600s","mm",,,,"0"
"759417455","birds","2016-01-04 22:12:30","2015:06:12 16:07:56","759417455.jpg","1V9A9558.jpg","Darter",,"Canon EOS 7D Mark II","Sigma 150-600s","600mm","8","1/2000","200","1"
"702105160","birds","2016-01-04 22:13:09","2015:06:12 16:10:19","702105160.jpg","1V9A9563.jpg","Glossy Ibis","Note the eye in right fotground wild pig Fogg Dam N T.",,"Sigma 150-600s","mm",,,,"0"
"192390301","birds","2016-01-04 22:14:37","2015:06:12 16:36:48","192390301.jpg","1V9A9620.jpg","Great Egret",,"Canon EOS 7D Mark II","Sigma 150-600s","309mm","8","1/800","200","0"
"2111800094","birds","2016-01-04 22:15:27","2015:06:12 16:55:42","2111800094.jpg","1V9A9682.jpg","Crimson Finch ",,"Canon EOS 7D Mark II","Sigma 150-600s","600mm","8","1/800","320","0"
"1279210072","birds","2016-01-04 22:16:41","2015:06:13 19:28:51","1279210072.jpg","1V9A9801.jpg","Rainbow Bee-eater",,"Canon EOS 7D Mark II","Sigma 150-600s","600mm","6.3","1/640","250","1"
"1377483534","birds","2016-01-04 22:18:55","2015:06:13 19:04:29","1377483534.jpg","IMG_4029.jpg","Orange footed Scrub Fowl",,"Canon PowerShot SX700 HS","new","13.921mm","6.3","1/60","800","0"
"1467261917","birds","2016-01-04 22:19:37","2015:07:22 15:50:08","1467261917.jpg","IMG_4220.jpg","Brown Pigeon",,"Canon PowerShot SX700 HS","new","112.50900900901mm","8","1/100","1600","0"
"827223161","birds","2016-01-04 22:20:35",,"827223161.jpg","IMG_4202.jpg","Willie Wagtail",,,,,,,,"0"
"1760139484","birds","2016-01-08 17:56:35","2015:01:06 08:58:12","1760139484.jpg","IMG_4547.jpg","Pied Oyster-catcher",,"Canon EOS 550D","Sigma 120-400","560mm","8","1/800","640","0"
"411712515","birds","2016-01-06 14:29:38","2015:08:07 10:48:51","411712515.jpg","1V9A0913.jpg","Little Wattle Bird",,"Canon EOS 7D Mark II","Sigma 150-600s","600mm","7.1","1/800","640","1"
"640269601","birds","2016-01-06 14:31:40","2015:09:22 20:56:14","640269601.jpg","1V9A2414.jpg","White Plumed Honey-eater",,"Canon EOS 7D Mark II","Sigma 150-600s","600mm","6.3","1/1000","1250","0"
"1974469841","birds","2016-01-06 14:33:51","2015:09:23 19:58:09","1974469841.jpg","1V9A2477.jpg","Singing Honey-eater",,"Canon EOS 7D Mark II","Sigma 150-600s","250mm","7.1","1/320","200","0"
"131373410","birds","2016-01-08 17:54:00","2015:01:19 07:28:43","131373410.jpg","IMG_4786.jpg","Laughing Kookabura",,"Canon 550 D","Sigma 120-400","351mm","9","1/640","3200","0"
"1749839811","birds","2016-01-06 14:39:20","2015:06:09 18:48:42","1749839811.jpg","1V9A8128 copy.jpg","Yellow Fly-catcher",,"Canon EOS 7D Mark II","Sigma 150-600s","600mm","7.1","1/1000","1250","0"
"852213938","birds","2016-01-06 14:40:26","2015:06:09 18:49:28","852213938.jpg","1V9A8134 copy.jpg","Yellow Fly-catcher",,"Canon EOS 7D Mark II","Sigma 150-600s","600mm","7.1","1/800","2000","0"
"1813155193","birds","2016-01-06 14:41:28","2015:07:31 17:19:47","1813155193.jpg","1V9A0651.jpg","Straw-necked Ibis",,"Canon EOS 7D Mark II","Sigma 150-600s","600mm","6.3","1/800","800","0"
"1931907834","birds","2016-01-06 14:42:23","2015:06:09 18:38:57","1931907834.jpg","1V9A8105 copy.jpg","Lemon-bellied Flycatcher",,,"Sigma 150-600s","mm",,,,"1"
"365835491","birds","2016-01-06 14:42:56","2015:06:09 18:35:06","365835491.jpg","1V9A8093.jpg","Northern Lapwing Plover",,"Canon EOS 7D Mark II","Sigma 150-600s","600mm","7.1","1/1000","2500","0"
"1915399469","birds","2016-01-06 14:43:50","2015:06:09 18:23:47","1915399469.jpg","1V9A8076 copy.jpg","Little Friarbird",,"Canon EOS 7D Mark II","Sigma 150-600s","600mm","6.3","1/800","1600","0"
"487950825","birds","2016-01-08 17:57:51","2015:01:03 09:26:34","487950825.jpg","IMG_4455.jpg","Bar-shouldered Dove",,"Canon EOS 550D","Sigma 120-400","560mm","8","1/800","640","0"
"1223595852","birds","2016-01-17 19:24:31","2016:01:17 11:15:58","1223595852.jpg","1V9A4979.jpg","Pied Oyster-catcher",,"Canon EOS 7D Mark II","Sigma 150-600s","600mm","6.3","1/800","320","0"
"1891602917","birds","2016-01-06 14:46:24","2015:06:09 19:07:35","1891602917.jpg","1V9A8173.jpg","Black Kite",,,"Sigma 150-600s","mm",,,,"1"
"1269097953","birds","2016-01-06 14:48:33","2015:02:05 14:09:41","1269097953.jpg","IMG_3519.jpg","Tawny Frog-mouth",,"Canon PowerShot SX700 HS","Sigma 150-600s","53.353001017294mm","7.1","1/200","500","0"
"550791191","birds","2016-01-06 18:32:32","2015:06:09 18:17:05","550791191.jpg","1V9A8067.jpg","Peaceful Dove",,"Canon EOS 7D Mark II","Sigma 150-600s","600mm","6.3","1/1000","2000","0"
"1520864575","birds","2016-01-06 18:33:14","2015:06:09 18:18:24","1520864575.jpg","1V9A8073.jpg","Peaceful Dove",,"Canon EOS 7D Mark II","Sigma 150-600s","600mm","6.3","1/1000","1250","0"
"364989531","birds","2016-01-06 18:34:15","2015:06:09 19:15:07","364989531.jpg","1V9A8181.jpg","Bush Stone Curlew",,"Canon EOS 7D Mark II","Sigma 150-600s","430mm","8","1/640","800","1"
"2055340983","birds","2016-06-13 17:56:07","2016:06:07 12:18:08","2055340983.jpg","1V9A9778.jpg","Brown Thornbill",,"Canon EOS 7D Mark II","Sigma 150-600s","569mm","7.1","1/800","3200","0"
"1591029272","birds","2016-01-08 17:58:53","2014:12:31 09:50:17","1591029272.jpg","IMG_4244.jpg","Wood Duck male",,"Canon EOS 550D","Sigma 120-400","560mm","8","1/1000","2000","0"
"1160257843","birds","2016-01-20 19:54:18","2016:01:21 11:17:39","1160257843.jpg","1V9A5154 copy.jpg","Pacific Bazza",,"Canon EOS 7D Mark II","Sigma 150-600s","600mm","7.1","1/800","3200","0"
"1595678137","birds","2016-01-08 18:00:13","2014:12:20 08:42:07","1595678137.jpg","IMG_3745.jpg","Galah",,"Canon EOS 550D","Sigma 120-400","250mm","8","1/320","500","0"
"1003627360","birds","2016-01-08 18:01:04","2014:12:07 12:11:14","1003627360.jpg","IMG_3495.jpg","Cattle Egret",,"Canon EOS 550D","Sigma 120-400","560mm","8","1/800","1250","1"
"194288980","birds","2016-01-08 18:01:50","2014:11:30 17:16:47","194288980.jpg","IMG_3300.jpg","Lathams Snipe",,"Canon EOS 550D","Sigma 120-400","560mm","8","1/1000","1600","0"
"214805718","birds","2016-01-08 18:02:41","2014:11:26 18:01:34","214805718.jpg","IMG_2862.jpg","Double-bar Finch",,"Canon EOS 550D","Sigma 120-400","560mm","9","1/320","3200","0"
"696784873","birds","2016-01-08 18:03:56","2014:11:26 17:29:22","696784873.jpg","IMG_2795.jpg","Eurasian Coote",,"Canon EOS 550D","Sigma 150-600s","560mm","9","1/250","3200","0"
"401441337","birds","2016-01-08 18:04:28","2014:11:26 17:00:47","401441337.jpg","IMG_2686.jpg","Little Bronze Cuckoo",,"Canon EOS 550D","Sigma 120-400","560mm","9","1/500","3200","0"
"1849009802","birds","2016-01-08 18:07:00","2014:08:09 16:32:51","1849009802.jpg","IMG_1961.jpg","Black-necked Stork  (Jabiru)",,"Canon PowerShot SX700 HS","Canon Zoom X30 IS","135mm","6.9","1/320","800","0"
"772612216",,"2016-01-08 18:19:16",,"772612216.jpg","IMG_1852.jpg",,,,,,,,,"0"
"595323247","birds","2016-01-08 18:20:18","2014:07:28 14:36:31","595323247.jpg","IMG_1852 copy.jpg","Goshawk light-morph",,"Canon PowerShot SX700 HS","Canon Zoom X30 IS","135mm","6.9","1/320","250","0"
"655072424","birds","2016-01-08 18:22:18","2014:06:18 10:49:12","655072424.jpg","IMG_0037 copy.jpg","Silver-backed Butcherbird",,"Canon EOS 550D","Sigma 120-400","400mm","5.6","1/500","2000","0"
"20673387","birds","2016-01-08 18:23:23","2014:06:17 19:15:50","20673387.jpg","IMG_0017 copy.jpg","Blue-faced Honeyeater",,"Canon EOS 550D","Sigma 120-400","400mm","5.6","1/500","125","1"
"1561270258","birds","2016-01-08 18:24:27","2014:06:17 18:46:59","1561270258.jpg","IMG_9989 copy.jpg","Little Friar-bird",,"Canon EOS 550D","Sigma 120-400","400mm","5.6","1/500","160","0"
"1951419487","birds","2016-01-08 18:25:10","2014:06:13 16:51:53","1951419487.jpg","IMG_1128 copy.jpg","Shining Flycatcher ",,"Canon PowerShot SX700 HS","Canon Zoom X30 IS","135mm","6.9","1/250","1600","0"
"586091168","birds","2016-01-08 18:27:01","2014:06:10 17:54:21","586091168.jpg","IMG_0851 copy.jpg","Forest Kingfisher ",,"Canon PowerShot SX700 HS","Canon Zoom X30 IS","135mm","6.9","1/320","125","0"
"1572605477","family","2016-01-13 17:03:46","2015:12:25 08:55:03","1572605477.jpg","Christmass 2015-11 copy.jpg","Grand children Christmas 2015","back Jack, Alex front Emma, Sam, Gabby ","Canon EOS 7D Mark II","Sigma 150-600s","31mm","8","1/50","125","0"
"405367596","birds","2016-01-17 19:23:33","2016:01:17 11:29:31","405367596.jpg","1V9A5002.jpg","Bar-tailed Godwit",,"Canon EOS 7D Mark II","Sigma 150-600s","600mm","6.3","1/1000","250","0"
"402875012","birds","2016-01-17 19:25:24","2016:01:17 11:42:39","402875012.jpg","1V9A5028.jpg","Big-black Cormorant",,"Canon EOS 7D Mark II","Sigma 150-600s","600mm","6.3","1/800","200","0"
"1509185470","birds","2016-01-17 19:26:54","2016:01:17 11:18:28","1509185470.jpg","1V9A4980.jpg","Little-black Cormorant",,"Canon EOS 7D Mark II","Sigma 150-600s","430mm","6.3","1/800","320","0"
"781672931",,"2016-01-23 19:26:01",,"781672931.jpg","1V9A5263.jpg",,,,,,,,,"0"
"1877340530","birds","2016-01-23 19:32:22","2016:01:24 10:26:25","1877340530.jpg","1V9A5263.jpg","Little Tern",,"Canon EOS 7D Mark II","Sigma 150-600s","600mm","7.1","1/800","160","0"
"2050739402","birds","2016-01-23 19:33:39","2016:01:24 12:10:28","2050739402.jpg","1V9A5311.jpg","Scaly-breasted Lorikeet",,"Canon EOS 7D Mark II","Sigma 150-600s","600mm","13","1/80","6400","0"
"1616867513","birds","2016-01-29 14:51:44","2014:06:20 19:35:38","1616867513.jpg","IMG_0183.jpg","Grey Crowned Babbler",,"Canon EOS 550D","Sigma 150-600s","400mm","5.6","1/500","2500","0"
"1458462903","birds","2016-02-18 15:40:22","2016:02:18 08:26:02","1458462903.jpg","1V9A5836.jpg","Varied Stitila",,"Canon EOS 7D Mark II","Sigma 150-600s","600mm","6.3","1/1000","1000","0"
"143800161","birds","2016-02-19 02:51:55","2014:06:17 09:50:29","143800161.jpg","IMG_9798 copy.jpg","Striated Pardelote",,"Canon EOS 550D","Sigma 150-600s","400mm","5.6","1/500","320","0"
"2003692621","birds","2016-02-22 14:37:10","2015:09:23 20:30:09","2003692621.jpg","1V9A2520 copy.jpg","Greater Sand Plover",,"Canon EOS 7D Mark II","Sigma 150-600s","600mm","8","1/800","320","1"
"452610986","birds","2016-03-21 02:58:14","2016:03:21 13:50:13","452610986.jpg","1V9A7258 copy.jpg","Powerful Owl",,"Canon EOS 7D Mark II","Sigma 150-600s","260mm","8","1/100","6400","0"
"1307611828","birds","2016-03-21 02:59:11","2016:03:17 13:37:57","1307611828.jpg","1V9A7231 copy.jpg","Eclectic Parrot",,"Canon EOS 7D Mark II","Sigma 150-600s","150mm","8","1/200","1600","0"
"738334174","birds","2016-03-21 03:03:09","2016:03:17 13:07:21","738334174.jpg","1V9A7204 copy.jpg","Cassowary",,"Canon EOS 7D Mark II","Sigma 150-600s","221mm","8","1/320","4000","0"
"335773263",,"2016-03-21 03:06:12",,"335773263.jpg","1V9A7207 copy.jpg",,,,,,,,,"0"
"657257028","birds","2016-03-21 03:06:18","2016:03:17 13:07:49","657257028.jpg","1V9A7207 copy.jpg","Cassowary",,"Canon EOS 7D Mark II","Sigma 150-600s","150mm","8","1/200","3200","0"
"369488948","birds","2016-04-18 16:02:16","2016:04:18 15:09:34","369488948.jpg","1V9A7894.jpg","Wandering Whistling Duck",,"Canon EOS 7D Mark II","Sigma 150-600s","600mm","9","1/1000","1000","0"
"801162062","birds","2016-04-18 16:10:32","2016:03:30 13:59:09","801162062.jpg","1V9A7416.jpg","Pacific Golden Plover","Male full breeding plumage.","Canon EOS 7D Mark II","Sigma 150-600s","600mm","7.1","1/800","400","0"
"302058368","birds","2016-04-18 16:15:47","2016:04:18 15:04:27","302058368.jpg","1V9A7884.jpg","Spangled Drongo",,"Canon EOS 7D Mark II","Sigma 150-600s","380mm","6.3","1/500","3200","0"
"1580719351","birds","2016-06-11 23:01:04","2016:06:11 15:40:06","1580719351.jpg","1V9A9875.jpg","Chestnut Breasted Manikin juvenile",,"Canon EOS 7D Mark II","Sigma 150-600s","600mm","7.1","1/800","500","0"
"455799204","birds","2016-06-11 23:02:21","2016:06:11 16:30:24","455799204.jpg","1V9A9883.jpg","Superb Wren",,"Canon EOS 7D Mark II","Sigma 150-600s","600mm","7.1","1/500","6400","0"
"722797703",,"2016-06-11 23:03:10",,"722797703.jpg","1V9A9890.jpg",,,,,,,,,"0"
"958316517","birds","2016-06-11 23:03:15","2016:06:11 16:43:11","958316517.jpg","1V9A9890.jpg","Royal Spoonbill",,"Canon EOS 7D Mark II","Sigma 150-600s","600mm","7.1","1/1000","4000","0"
"273540592",,"2016-06-11 23:05:15",,"273540592.jpg","1V9A9370 copy.jpg",,,,,,,,,"0"
"1570148","birds","2016-06-13 16:07:21","2016:06:03 16:01:22","1570148.jpg","1V9A9576 copy.jpg","Black Tailed Native Hen",,"Canon EOS 7D Mark II","Sigma 150-600s","600mm","7.1","1/800","2500","0"
"1593982366","birds","2016-06-13 16:15:59","2016:06:07 11:42:55","1593982366.jpg","1V9A9745.jpg","Fan-tail Cuckoo",,"Canon EOS 7D Mark II","Sigma 150-600s","600mm","7.1","1/800","2000","0"
"1404938559","birds","2016-06-13 16:18:57","2016:06:07 11:58:43","1404938559.jpg","1V9A9765.jpg","Eastern Whipbird",,"Canon EOS 7D Mark II","Sigma 150-600s","600mm","7.1","1/800","4000","0"
"1606264818","birds","2016-06-13 16:20:53","2016:06:03 11:00:39","1606264818.jpg","1V9A9454.jpg","Mangrove Derygone",,"Canon EOS 7D Mark II","Sigma 150-600s","600mm","7.1","1/1000","1000","0"
"1388476253","birds","2016-06-13 16:23:26","2016:05:02 10:08:31","1388476253.jpg","1V9A8493.jpg","Little Egret",,"Canon EOS 7D Mark II","Sigma 150-600s","600mm","7.1","1/800","400","0"
"1993146581","birds","2016-06-13 16:24:29","2016:06:03 10:59:32","1993146581.jpg","1V9A9436.jpg","Black Fronted Dotterel",,"Canon EOS 7D Mark II","Sigma 150-600s","600mm","7.1","1/1000","500","0"
"138814908","birds","2016-06-13 16:25:20","2016:06:03 12:14:43","138814908.jpg","1V9A9474.jpg","Gold Head Cisticola",,"Canon EOS 7D Mark II","Sigma 150-600s","600mm","7.1","1/1000","1000","0"
"1726698313","birds","2016-06-13 16:26:28","2016:06:08 15:23:00","1726698313.jpg","1V9A9845.jpg","Tawny Frogmouth",,"Canon EOS 7D Mark II","Sigma 150-600s","300mm","20","1/200","6400","0"
"606799301","birds","2016-06-13 16:27:38","2016:06:08 15:23:29","606799301.jpg","1V9A9847.jpg","Tawny Frogmouth",,"Canon EOS 7D Mark II","Sigma 150-600s","350mm","20","1/250","6400","0"
"1262197071","birds","2016-06-13 17:57:42","2016:05:27 15:27:18","1262197071.jpg","1V9A9253.jpg","Brown Honey-eater",,"Canon EOS 7D Mark II","Sigma 150-600s","600mm","7.1","1/640","6400","0"
"2070878644","birds","2016-06-13 17:58:44","2016:05:19 11:15:57","2070878644.jpg","1V9A8972.jpg","Caspian Tern",,"Canon EOS 7D Mark II","Sigma 150-600s","600mm","8","1/800","125","0"
"1336950681","birds","2016-06-13 17:59:45","2016:04:21 10:14:18","1336950681.jpg","1V9A8004.jpg","Red Browed Treecreeper",,"Canon EOS 7D Mark II","Sigma 150-600s","569mm","6.3","1/125","250","0"
"935844123","birds","2016-06-13 18:02:23","2016:05:19 10:51:44","935844123.jpg","1V9A8926.jpg","White Throated Honey-eater",,"Canon EOS 7D Mark II","Sigma 150-600s","600mm","8","1/1000","1250","0"
"631972550","birds","2016-06-15 21:56:28","2016:04:29 15:38:43","631972550.jpg","1V9A8340.jpg","Crested Shrike Tit",,"Canon EOS 7D Mark II","Sigma 150-600s","600mm","7.1","1/160","6400","0"
"2030544639","birds","2016-06-15 21:57:33","2016:05:02 15:29:36","2030544639.jpg","1V9A8518.jpg","Scalia Breasted Lorikeet",,"Canon EOS 7D Mark II","Sigma 150-600s","512mm","10","1/800","5000","0"
"1354012322","birds","2016-06-15 21:58:34","2016:05:02 15:32:45","1354012322.jpg","1V9A8526.jpg","Rainbow Lorikeet",,"Canon EOS 7D Mark II","Sigma 150-600s","230mm","10","1/320","1600","0"
"3568691","birds","2016-06-15 21:59:23","2016:05:06 12:42:36","3568691.jpg","1V9A8558.jpg","Rose Robin",,"Canon EOS 7D Mark II","Sigma 150-600s","600mm","7.1","1/800","200","0"
"929269977","birds","2016-06-15 22:00:20","2016:05:23 16:38:08","929269977.jpg","1V9A9081.jpg","Welcome Swallow",,"Canon EOS 7D Mark II","Sigma 150-600s","600mm","7.1","1/800","500","0"
"213815471","birds","2016-06-15 22:01:12","2016:06:07 12:19:43","213815471.jpg","1V9A9791.jpg","Brown Gerygone",,"Canon EOS 7D Mark II","Sigma 150-600s","600mm","7.1","1/800","6400","0"
"263401718",,"2016-06-15 22:03:00",,"263401718.jpg","1V9A7286.jpg",,,,,,,,,"0"
"1785697423",,"2016-06-15 22:03:23",,"1785697423.jpg","1V9A7286.jpg",,,,,,,,,"0"
"103630990","birds","2016-06-24 02:55:03","2016:06:23 14:28:51","103630990.jpg","1V9A0044.jpg","Forest Raven",,"Canon EOS 7D Mark II","Sigma 150-600s","600mm","7.1","1/800","6400","0"
"1765740132","birds","2016-06-15 22:05:35","2015:11:13 08:09:59","1765740132.jpg","1V9A3733 copy.jpg","Black Shouldered Kite",,"Canon EOS 7D Mark II","Sigma 150-600s","600mm","8","1/800","320","0"
"1722285099","birds","2016-06-24 02:56:37","2016:06:24 10:47:03","1722285099.jpg","1V9A0058.jpg","Australian Logrunner  male",,"Canon EOS 7D Mark II","Sigma 150-600s","600mm","6.3","1/6","6400","0"
"299734384",,"2016-06-25 02:23:20",,"299734384.jpg","1V9A0080.jpg",,,,,,,,,"0"
"1475026400","birds","2016-06-25 02:23:29","2016:06:25 17:07:55","1475026400.jpg","1V9A0080.jpg","Brush Turkey",,"Canon EOS 7D Mark II","Sigma 150-600s","150mm","7.1","1/250","5000","0"
"1439759731","birds","2016-07-29 21:00:19","2016:07:10 14:24:36","1439759731.jpg","1V9A0509.jpg","Dusky Honey-eater",,"Canon EOS 7D Mark II","Sigma 150-600s","600mm","9","1/800","6400","0"
"169199260","birds","2016-07-30 17:29:57","2016:07:08 17:41:43","169199260.jpg","1V9A0453.jpg","Satin Flycatcher",,"Canon EOS 7D Mark II","Sigma 150-600s","600mm","7.1","1/15","100","0"
"1925728456",,"2016-07-30 17:30:31",,"1925728456.jpg","1V9A0450.jpg",,,,,,,,,"0"
"1368538589","birds","2016-07-30 17:31:00","2016:07:08 17:39:03","1368538589.jpg","1V9A0448.jpg","Peaceful Dove",,"Canon EOS 7D Mark II","Sigma 150-600s","600mm","7.1","1/400","100","0"
"1041665686","birds","2016-07-30 17:31:37","2016:07:08 17:36:34","1041665686.jpg","1V9A0440_edited-1.jpg","Forest Kingfisher",,"Canon EOS 7D Mark II","Sigma 150-600s","600mm","7.1","1/500","100","0"
"1430602280","birds","2016-07-30 17:32:12","2016:07:08 10:15:47","1430602280.jpg","1V9A0427.jpg","Nankeen Kestrel",,"Canon EOS 7D Mark II","Sigma 150-600s","600mm","8","1/500","100","0"
"1214486110","birds","2016-07-30 17:32:57","2016:07:07 17:07:40","1214486110.jpg","1V9A0413.jpg","Olive Backed Sunbird",,"Canon EOS 7D Mark II","Sigma 150-600s","600mm","9","1/125","100","0"
"246945120",,"2016-07-30 17:33:18",,"246945120.jpg","1V9A0383.jpg",,,,,,,,,"0"
"839918514","birds","2016-07-30 17:33:25","2016:07:05 17:14:13","839918514.jpg","1V9A0383.jpg","Great Egret",,"Canon EOS 7D Mark II","Sigma 150-600s","210mm","7.1","1/500","100","0"
"659430008","birds","2016-07-30 17:33:59","2016:07:02 16:24:42","659430008.jpg","1V9A0276.jpg","Noisey Friar Bird",,"Canon EOS 7D Mark II","Sigma 150-600s","524mm","7.1","1/1000","1000","0"
"2059116839",,"2016-07-30 17:34:25",,"2059116839.jpg","1V9A0260.jpg",,,,,,,,,"0"
"228795144","birds","2016-07-30 17:34:31","2016:07:02 16:21:22","228795144.jpg","1V9A0260.jpg","Noisey Friar Bird",,"Canon EOS 7D Mark II","Sigma 150-600s","600mm","7.1","1/800","640","0"
"1178900915","birds","2016-07-30 17:34:52","2016:07:02 16:11:44","1178900915.jpg","1V9A0245.jpg","Blue-faced Honeyeater",,"Canon EOS 7D Mark II","Sigma 150-600s","430mm","7.1","1/640","400","0"
"1753425093","birds","2016-07-30 17:35:41","2016:07:12 10:06:09","1753425093.jpg","1V9A0602.jpg","Big Footed Scrub Fowl",,"Canon EOS 7D Mark II","Sigma 150-600s","370mm","7.1","1/80","6400","0"
"1261073896",,"2016-07-30 17:36:18",,"1261073896.jpg","1V9A0578.jpg",,,,,,,,,"0"
"1585733995","birds","2016-07-30 17:36:24","2016:07:12 09:32:52","1585733995.jpg","1V9A0578.jpg","Helmeted Friar Bird",,"Canon EOS 7D Mark II","Sigma 150-600s","600mm","7.1","1/1000","250","0"
"825640962","birds","2016-07-30 17:36:53","2016:07:12 09:38:26","825640962.jpg","1V9A0588.jpg","Papuan Frogmouth",,"Canon EOS 7D Mark II","Sigma 150-600s","309mm","7.1","1/250","6400","0"
"1301001210","birds","2016-07-30 17:37:16","2016:07:11 17:23:45","1301001210.jpg","1V9A0575.jpg","Great Knot",,"Canon EOS 7D Mark II","Sigma 150-600s","600mm","7.1","1/1000","1600","0"
"278245434","birds","2016-07-30 17:38:20","2016:07:11 17:23:17","278245434.jpg","1V9A0573.jpg","Bar Tailed Godwit",,"Canon EOS 7D Mark II","Sigma 150-600s","600mm","7.1","1/800","1250","0"
"745972272","birds","2016-08-01 15:51:10","2016:07:20 17:08:21","745972272.jpg","1V9A1445.jpg","Red Capped Plover",,"Canon EOS 7D Mark II","Sigma 150-600s","600mm","7.1","1/800","160","0"
"825949460",,"2016-07-30 17:39:28",,"825949460.jpg","1V9A0567.jpg",,,,,,,,,"0"
"815912970","birds","2016-07-30 17:39:38","2016:07:11 17:21:09","815912970.jpg","1V9A0567.jpg","Glossy Starling",,"Canon EOS 7D Mark II","Sigma 150-600s","600mm","7.1","1/1000","800","0"
"1182365181",,"2016-07-30 17:39:57",,"1182365181.jpg","1V9A0564.jpg",,,,,,,,,"0"
"612756576","birds","2016-07-30 17:40:03","2016:07:11 17:10:58","612756576.jpg","1V9A0564.jpg","Varied Honey-eater",,"Canon EOS 7D Mark II","Sigma 150-600s","600mm","7.1","1/800","2000","0"
"1479448596","birds","2016-07-30 17:40:40","2016:07:11 17:06:52","1479448596.jpg","1V9A0557a.jpg","Caspian Tern",,"Canon EOS 7D Mark II","Sigma 150-600s","600mm","7.1","1/800","320","0"
"1993157531","birds","2016-07-30 17:41:26","2016:07:11 17:06:52","1993157531.jpg","1V9A0557 copy.jpg","Gull Bill Tern young",,"Canon EOS 7D Mark II","Sigma 150-600s","600mm","7.1","1/800","320","0"
"1469048834",,"2016-07-30 17:41:52",,"1469048834.jpg","1V9A0549.jpg",,,,,,,,,"0"
"1389961760","birds","2016-07-30 17:41:59","2016:07:11 16:21:12","1389961760.jpg","1V9A0549.jpg","White Bellied Cuckoo-shrike",,"Canon EOS 7D Mark II","Sigma 150-600s","221mm","7.1","1/320","800","0"
"319965526","birds","2016-07-30 17:42:20","2016:07:11 10:22:42","319965526.jpg","1V9A0529.jpg","Shining Fly-catcher",,"Canon EOS 7D Mark II","Sigma 150-600s","600mm","9","1/80","6400","0"
"55105201","birds","2016-07-30 17:42:44","2016:07:11 10:08:49","55105201.jpg","1V9A0522.jpg","Horsefields Cuckoo",,"Canon EOS 7D Mark II","Sigma 150-600s","600mm","9","1/60","6400","0"
"379282868",,"2016-07-30 17:43:24",,"379282868.jpg","1V9A0778.jpg",,,,,,,,,"0"
"66115115","birds","2016-07-30 17:43:25","2016:07:14 14:56:28","66115115.jpg","1V9A0778.jpg",,"White Browed Wood Swallow pair","Canon EOS 7D Mark II","Sigma 150-600s","240mm","6.3","1/30","6400","0"
"150471547","birds","2016-07-30 17:43:52","2016:07:14 14:56:04","150471547.jpg","1V9A0776.jpg","White Browed Wood Swallow",,"Canon EOS 7D Mark II","Sigma 150-600s","260mm","6.3","1/60","6400","0"
"29543271","birds","2016-07-30 17:44:13","2016:07:13 16:50:26","29543271.jpg","1V9A0763.jpg","Gouldian Finch red headed ",,"Canon EOS 7D Mark II","Sigma 150-600s","600mm","6.3","1/1000","2500","0"
"2014187416",,"2016-07-30 17:44:34",,"2014187416.jpg","1V9A0760.jpg",,,,,,,,,"0"
"1192137233","birds","2016-07-30 17:44:41","2016:07:13 16:49:36","1192137233.jpg","1V9A0760.jpg","Gouldian Finch yellow headed",,"Canon EOS 7D Mark II","Sigma 150-600s","600mm","6.3","1/1000","3200","0"
"1460145550","birds","2016-07-30 17:45:04","2016:07:13 16:26:34","1460145550.jpg","1V9A0736.jpg","Emu",,"Canon EOS 7D Mark II","Sigma 150-600s","150mm","8","1/200","640","0"
"1081189880","birds","2016-07-30 17:45:26","2016:07:13 16:22:07","1081189880.jpg","1V9A0728.jpg","Blue Wing Kookaburra",,"Canon EOS 7D Mark II","Sigma 150-600s","600mm","8","1/1000","1000","0"
"1439082352","birds","2016-07-30 17:46:47","2016:07:13 16:21:32","1439082352.jpg","1V9A0727.jpg","Blue Winged Kookaburra",,"Canon EOS 7D Mark II","Sigma 150-600s","600mm","8","1/800","250","0"
"152580420","birds","2016-07-30 17:47:11","2016:07:12 17:41:34","152580420.jpg","1V9A0687.jpg","Bush stone Curlew ",,"Canon EOS 7D Mark II","Sigma 150-600s","600mm","6.3","1/1000","1600","0"
"1740619887","birds","2016-07-30 17:47:46","2016:07:12 11:36:49","1740619887.jpg","1V9A0660.jpg","Metallic Starling",,"Canon EOS 7D Mark II","Sigma 150-600s","569mm","7.1","1/800","5000","0"
"1350715546",,"2016-07-30 17:48:08",,"1350715546.jpg","1V9A0655.jpg",,,,,,,,,"0"
"381375564","birds","2016-07-30 17:48:16","2016:07:12 11:11:36","381375564.jpg","1V9A0655.jpg","Spangled Drongo",,"Canon EOS 7D Mark II","Sigma 150-600s","600mm","7.1","1/320","6400","0"
"772037156","birds","2016-07-30 17:48:37","2016:07:12 10:25:49","772037156.jpg","1V9A0629.jpg","Leaden fly-catcher male",,"Canon EOS 7D Mark II","Sigma 150-600s","569mm","7.1","1/800","3200","0"
"956656993","birds","2016-07-30 17:48:58","2016:07:12 10:18:28","956656993.jpg","1V9A0618.jpg","Olive Backed Sunbird",,"Canon EOS 7D Mark II","Sigma 150-600s","600mm","7.1","1/800","640","0"
"1642449459","birds","2016-07-30 17:49:16","2016:07:12 10:16:46","1642449459.jpg","1V9A0610.jpg","Welcome Swallow",,"Canon EOS 7D Mark II","Sigma 150-600s","600mm","7.1","1/1000","2500","0"
"210287506","birds","2016-07-30 17:49:39","2016:07:12 10:16:10","210287506.jpg","1V9A0608.jpg","Welcome Swallow",,"Canon EOS 7D Mark II","Sigma 150-600s","600mm","7.1","1/800","800","0"
"1782297955","birds","2016-07-30 17:50:12","2016:07:14 15:49:58","1782297955.jpg","1V9A0889.jpg","Emerald Dove",,"Canon EOS 7D Mark II","Sigma 150-600s","150mm","6.3","1/80","6400","0"
"795967023","birds","2016-07-30 17:50:41","2016:07:14 15:49:05","795967023.jpg","1V9A0883.jpg","Emerald Doved",,"Canon EOS 7D Mark II","Sigma 150-600s","350mm","6.3","1/125","6400","0"
"488532940",,"2016-07-30 17:51:13",,"488532940.jpg","1V9A0861.jpg",,,,,,,,,"0"
"199768694","birds","2016-07-30 17:51:19","2016:07:14 15:40:33","199768694.jpg","1V9A0861.jpg","Olive Backed Oriel",,"Canon EOS 7D Mark II","Sigma 150-600s","329mm","6.3","1/100","6400","0"
"1621916483","birds","2016-07-30 17:51:48","2016:07:14 15:36:10","1621916483.jpg","1V9A0850.jpg","Electus Parrot female",,"Canon EOS 7D Mark II","Sigma 150-600s","175mm","6.3","1/320","2500","0"
"267840376",,"2016-07-30 20:49:00",,"267840376.jpg","1V9A0843.jpg",,,,,,,,,"0"
"941207023","birds","2016-07-30 20:49:14","2016:07:14 15:31:24","941207023.jpg","1V9A0843.jpg","Pied Imperial Pigeon",,"Canon EOS 7D Mark II","Sigma 150-600s","309mm","10","1/320","6400","0"
"2036738570",,"2016-07-30 20:49:40",,"2036738570.jpg","1V9A0835.jpg",,,,,,,,,"0"
"1155128209",,"2016-07-30 20:49:48",,"1155128209.jpg","1V9A0835.jpg",,,,,,,,,"0"
"860036799","birds","2016-07-30 20:49:59","2016:07:14 15:26:57","860036799.jpg","1V9A0835.jpg","Dusky Moorehen",,"Canon EOS 7D Mark II","Sigma 150-600s","150mm","6.3","1/250","800","0"
"1354677155","birds","2016-07-30 20:50:26","2016:07:14 15:13:40","1354677155.jpg","1V9A0820.jpg","Purple Swamphen",,"Canon EOS 7D Mark II","Sigma 150-600s","150mm","6.3","1/200","1250","0"
"1156138289",,"2016-07-30 20:51:24",,"1156138289.jpg","1V9A0817 (1).jpg",,,,,,,,,"0"
"2094239559",,"2016-07-30 20:51:52",,"2094239559.jpg","1V9A0817 (1).jpg",,,,,,,,,"0"
"939537638","birds","2016-07-30 20:53:18","2016:07:14 15:08:21","939537638.jpg","1V9A0817.jpg","Glossy Black Cockatoo",,"Canon EOS 7D Mark II","Sigma 150-600s","150mm","6.3","1/125","6400","0"
"1456191003",,"2016-07-30 20:53:46",,"1456191003.jpg","1V9A0808.jpg",,,,,,,,,"0"
"296120542","birds","2016-07-30 20:53:52","2016:07:14 15:06:17","296120542.jpg","1V9A0808.jpg","Tawny Frogmouth",,"Canon EOS 7D Mark II","Sigma 150-600s","150mm","6.3","1/200","3200","0"
"709941081","birds","2016-07-30 20:55:46","2016:07:14 15:05:34","709941081.jpg","1V9A0806.jpg","Chestnut Backed Rail",,"Canon EOS 7D Mark II","Sigma 150-600s","350mm","6.3","1/200","6400","0"
"1375844384","birds","2016-07-30 20:56:12","2016:07:14 15:02:27","1375844384.jpg","1V9A0791.jpg","Glossy Ibis",,"Canon EOS 7D Mark II","Sigma 150-600s","270mm","6.3","1/160","6400","0"
"103365482","birds","2016-07-30 20:56:43","2016:07:16 12:06:42","103365482.jpg","1V9A1031.jpg","Pied Imperial Pigeon","Captive Bird","Canon EOS 7D Mark II","Sigma 150-600s","206mm","6.3","1/400","2000","0"
"1244724628","birds","2016-07-30 20:57:08","2016:07:16 12:05:46","1244724628.jpg","1V9A1027.jpg","Major Mitchell Cockatoo",,"Canon EOS 7D Mark II","Sigma 150-600s","150mm","6.3","1/200","1600","0"
"2089610239",,"2016-07-30 20:57:34",,"2089610239.jpg","1V9A1005.jpg",,,,,,,,,"0"
"415927714","birds","2016-07-30 20:57:41","2016:07:16 11:57:46","415927714.jpg","1V9A1005.jpg","Mandarin Duck ","Captive bird from China","Canon EOS 7D Mark II","Sigma 150-600s","401mm","6.3","1/640","3200","0"
"398275462","birds","2016-07-30 20:58:10","2016:07:16 11:55:32","398275462.jpg","1V9A0998.jpg","Major Mitchell Cockatoo",,"Canon EOS 7D Mark II","Sigma 150-600s","270mm","6.3","1/400","1600","0"
"755694915","birds","2016-07-30 20:58:34","2016:07:15 12:35:22","755694915.jpg","1V9A0986.jpg","Rose Combed Jacana",,"Canon EOS 7D Mark II","Sigma 150-600s","600mm","6.3","1/1000","320","0"
"1515042443","birds","2016-07-30 20:58:53","2016:07:15 11:04:15","1515042443.jpg","1V9A0965.jpg","Sun Bird female",,"Canon EOS 7D Mark II","Sigma 150-600s","600mm","6.3","1/800","1250","0"
"844089297","birds","2016-07-30 20:59:20","2016:07:14 16:24:18","844089297.jpg","1V9A0950.jpg","King Quail female",,"Canon EOS 7D Mark II","Sigma 150-600s","250mm","6.3","1/400","5000","0"
"9598649","birds","2016-07-30 20:59:46","2016:07:14 16:24:16","9598649.jpg","1V9A0949.jpg","KING QUAIL MALE",,"Canon EOS 7D Mark II","Sigma 150-600s","250mm","6.3","1/320","4000","0"
"1180046843","birds","2016-07-30 21:01:38","2016:07:14 16:22:58","1180046843.jpg","1V9A0938.jpg","Double Bar Finch",,"Canon EOS 7D Mark II","Sigma 150-600s","440mm","6.3","1/500","6400","0"
"699187089",,"2016-07-30 21:02:05",,"699187089.jpg","1V9A0932.jpg",,,,,,,,,"0"
"1886312041","birds","2016-07-30 21:02:11","2016:07:14 16:21:43","1886312041.jpg","1V9A0932.jpg","BUDGERIGAR","CAPTIVE BIRD","Canon EOS 7D Mark II","Sigma 150-600s","309mm","8","1/400","4000","0"
"566932645",,"2016-07-30 21:02:43",,"566932645.jpg","1V9A0919.jpg",,,,,,,,,"0"
"2123431227","birds","2016-07-30 21:02:52","2016:07:14 16:15:35","2123431227.jpg","1V9A0919.jpg","Yellow Spoonbill",,"Canon EOS 7D Mark II","Sigma 150-600s","180mm","6.3","1/100","6400","0"
"1403041590","birds","2016-07-30 21:03:14","2016:07:14 16:14:55","1403041590.jpg","1V9A0915.jpg","YELLOW SPOONBILL",,"Canon EOS 7D Mark II","Sigma 150-600s","150mm","6.3","1/100","6400","0"
"1892221858","birds","2016-07-30 21:04:11","2016:07:14 16:10:53","1892221858.jpg","1V9A0904.jpg","Common Bronze Wing Pigeon",,"Canon EOS 7D Mark II","Sigma 150-600s","165mm","6.3","1/25","6400","0"
"1389816019","birds","2016-08-01 15:51:53","2016:07:19 17:17:19","1389816019.jpg","1V9A1400.jpg","Rajah or Burdekin Duck",,"Canon EOS 7D Mark II","Sigma 150-600s","600mm","7.1","1/800","400","0"
"2002333541","birds","2016-08-01 15:52:37","2016:07:18 17:25:54","2002333541.jpg","1V9A1355.jpg","Leaden Fly-catcher fe-male",,"Canon EOS 7D Mark II","Sigma 150-600s","600mm","8","1/1000","2500","0"
"1254665693","birds","2016-08-01 15:53:47","2016:07:18 17:12:48","1254665693.jpg","1V9A1334.jpg","Lesser Frigate Bird",,"Canon EOS 7D Mark II","Sigma 150-600s","600mm","8","1/800","320","0"
"799305643","birds","2016-08-01 15:54:30","2016:07:18 16:57:43","799305643.jpg","1V9A1296.jpg","Lesser Frigate bird",,"Canon EOS 7D Mark II","Sigma 150-600s","600mm","8","1/1000","250","0"
"504800194","birds","2016-08-01 15:54:54","2016:07:18 11:57:32","504800194.jpg","1V9A1173.jpg","Cassowary",,"Canon EOS 7D Mark II","Sigma 150-600s","300mm","7.1","1/400","3200","0"
"1192397508","birds","2016-08-01 15:55:41","2016:07:18 11:56:57","1192397508.jpg","1V9A1162.jpg","Cassowary",,"Canon EOS 7D Mark II","Sigma 150-600s","150mm","7.1","1/80","6400","0"
"1097090213","birds","2016-08-01 15:56:34","2016:07:17 13:22:48","1097090213.jpg","1V9A1139.jpg","Cassowary sub adult",,"Canon EOS 7D Mark II","Sigma 150-600s","210mm","18","1/320","5000","0"
"1666427818","birds","2016-08-01 15:57:26","2016:07:16 12:27:08","1666427818.jpg","1V9A1093.jpg","Blue and Gold Macaw","South America captive bird","Canon EOS 7D Mark II","Sigma 150-600s","200mm","6.3","1/250","3200","0"
"222496120","birds","2016-08-01 15:58:30","2016:07:16 12:24:48","222496120.jpg","1V9A1088.jpg","Mandarin Duck ","China captive bird","Canon EOS 7D Mark II","Sigma 150-600s","200mm","6.3","1/250","2000","0"
"1510442336",,"2016-08-01 15:59:33",,"1510442336.jpg","1V9A1076.jpg",,,,,,,,,"0"
"2049123273","birds","2016-08-01 16:00:02","2016:07:16 12:22:18","2049123273.jpg","1V9A1076.jpg","Blue and Gold Macaw","South America captive bird","Canon EOS 7D Mark II","Sigma 150-600s","170mm","6.3","1/250","2000","0"
"1032356345","birds","2016-08-01 16:00:40","2016:07:16 12:14:58","1032356345.jpg","1V9A1054.jpg","Sun Conure","South America captive bird","Canon EOS 7D Mark II","Sigma 150-600s","240mm","6.3","1/400","500","0"
"110960955","birds","2016-08-01 16:01:06","2016:07:16 12:13:03","110960955.jpg","1V9A1053.jpg","Bleeding Heart Pigeon","New Guinea captive bird","Canon EOS 7D Mark II","Sigma 150-600s","260mm","6.3","1/500","3200","0"
"1054799643","birds","2016-08-01 16:02:25","2016:07:16 12:11:58","1054799643.jpg","1V9A1047.jpg","Chattering Lorie","Pacific region captive bird","Canon EOS 7D Mark II","Sigma 150-600s","180mm","6.3","1/320","5000","0"
"1934031063","birds","2016-08-01 16:02:48","2016:07:16 12:11:51","1934031063.jpg","1V9A1046.jpg","Dusky Lorie","New Guinea  captive bird","Canon EOS 7D Mark II","Sigma 150-600s","180mm","6.3","1/250","5000","0"
"1125899848","birds","2016-08-01 16:03:30","2016:07:16 11:55:12","1125899848.jpg","1V9A0996.jpg","Musk Lorikeet","captive bird","Canon EOS 7D Mark II","Sigma 150-600s","175mm","6.3","1/200","6400","0"
"1775233539","birds","2016-08-01 16:04:38","2016:07:16 11:54:29","1775233539.jpg","1V9A0993.jpg","Mustard Mutation Rainbow Lorikeet","captive bird may be hybrid ? red tail","Canon EOS 7D Mark II","Sigma 150-600s","200mm","6.3","1/320","1000","0"
"1116925699","birds","2016-08-02 04:17:20","2016:07:11 17:06:36","1116925699.jpg","1V9A0556 copy.jpg","Gull billed Tern",,"Canon EOS 7D Mark II","Sigma 150-600s","600mm","7.1","1/800","200","0"
"1690723568","birds","2016-08-05 18:51:25","2016:03:04 21:23:02","1690723568.jpg","1V9A6155.jpg","Oriental Magpie Robin","Myanmar","Canon EOS 7D Mark II","Sigma 150-600s","250mm","8","1/400","3200","0"
"1016765439","birds","2016-08-05 18:58:53","2016:03:04 20:29:17","1016765439.jpg","IMG_5390.jpg","White Vented Myna","Myanmar","Canon PowerShot SX700 HS","Sigma 150-600s","135mm","6.9","1/250","1600","0"
"444559032","birds","2016-08-05 19:02:43","2016:03:04 21:24:58","444559032.jpg","1V9A6161.jpg","Oriental Magpie Robin","Myanmar","Canon EOS 7D Mark II","Sigma 150-600s","250mm","8","1/320","2500","0"
"352996500","birds","2016-08-05 19:07:27","2016:03:05 12:34:19","352996500.jpg","1V9A6179.jpg","Vinous Breasted Myna","Myanmar","Canon EOS 7D Mark II","Sigma 150-600s","600mm","6.3","1/800","2000","0"
"558137762",,"2016-08-05 19:39:30",,"558137762.jpg","1V9A6179.jpg",,,,,,,,,"0"
"189546500",,"2016-08-05 19:39:37",,"189546500.jpg","1V9A6179.jpg",,,,,,,,,"0"
"1845714287",,"2016-08-05 19:40:09",,"1845714287.jpg","1V9A6186.jpg",,,,,,,,,"0"
"778603402","birds","2016-08-05 19:40:15","2016:03:05 12:37:30","778603402.jpg","1V9A6186.jpg","Vinous Breasted Myna","Myanmar","Canon EOS 7D Mark II","Sigma 150-600s","600mm","6.3","1/800","1250","0"
"1743454571","birds","2016-08-05 19:40:37","2016:03:05 12:40:24","1743454571.jpg","1V9A6187.jpg","White Throated Babbler","Myanmar","Canon EOS 7D Mark II","Sigma 150-600s","340mm","6.3","1/640","2000","0"
"415459597","birds","2016-08-05 19:41:01","2016:03:05 12:44:55","415459597.jpg","1V9A6192.jpg","Saffron Finch","Juryong Bird Park  Amazon Basin South America","Canon EOS 7D Mark II","Sigma 150-600s","569mm","6.3","1/1000","1000","0"
"514851417","birds","2016-08-05 19:41:24","2016:03:05 12:55:17","514851417.jpg","1V9A6199.jpg","Red Vented Bulbul","Myanmar","Canon EOS 7D Mark II","Sigma 150-600s","600mm","6.3","1/800","6400","0"
"758811036","birds","2016-08-05 19:43:56","2016:03:05 12:57:17","758811036.jpg","1V9A6202.jpg","Little Crow","Myanmar","Canon EOS 7D Mark II","Sigma 150-600s","600mm","6.3","1/1000","2500","0"
"726434838","birds","2016-08-05 19:45:01","2016:03:05 22:08:48","726434838.jpg","1V9A6266.jpg","Little Egret","myanmar","Canon EOS 7D Mark II","Sigma 150-600s","250mm","16","1/160","6400","0"
"10814291",,"2016-08-05 19:48:42",,"10814291.jpg","1V9A6786.jpg",,,,,,,,,"0"
"686633894",,"2016-08-05 19:49:02",,"686633894.jpg","1V9A6786.jpg",,,,,,,,,"0"
"601072028","birds","2016-08-11 03:36:22","2016:03:17 13:15:20","601072028.jpg","1V9A7226.jpg","Black Bellied whistling Duck","Jurying bird Park   Central South America","Canon EOS 7D Mark II","Sigma 150-600s","200mm","8","1/320","1600","0"
"1297733834","birds","2016-08-05 19:50:52","2016:03:12 14:10:52","1297733834.jpg","1V9A6801.jpg","White Throated Kingfisher","Myanmar","Canon EOS 7D Mark II","Sigma 150-600s","250mm","11","1/320","250","0"
"13305057","birds","2016-08-05 19:51:22","2016:03:16 18:09:29","13305057.jpg","1V9A6964.jpg","Lesser Adjutant","Jurong Bird Park  Myanmar","Canon EOS 7D Mark II","Sigma 150-600s","63mm","14","1/100","500","0"
"1962256861","birds","2016-08-11 03:36:52","2016:03:17 13:15:02","1962256861.jpg","1V9A7224.jpg","Rosy Billed Pochard","Jurying Bird Park  South South America","Canon EOS 7D Mark II","Sigma 150-600s","192mm","8","1/160","6400","0"
"886309804","birds","2016-08-05 19:52:30","2016:03:16 18:54:09","886309804.jpg","1V9A6999.jpg","Purple Crane ","Singapore","Canon EOS 7D Mark II","Sigma 150-600s","250mm","10","1/400","2000","0"
"1286601831","birds","2016-08-05 19:53:11","2016:03:16 18:10:18","1286601831.jpg","IMG_5522.jpg","Blue Tailed Bee-eater","Singapore","Canon PowerShot SX700 HS","Sigma 150-600s","135mm","6.9","1/320","200","0"
"1469622818","birds","2016-08-05 19:53:48","2016:03:16 19:01:04","1469622818.jpg","1V9A7012 (1).jpg","Great Hornbill","Singapore Zoo  Myanmar","Canon EOS 7D Mark II","Sigma 150-600s","50mm","10","1/100","100","0"
"818763432","birds","2016-08-05 19:55:07","2016:03:16 19:10:44","818763432.jpg","1V9A7020.jpg","Blue Tailed Bee-eater","Singapore","Canon EOS 7D Mark II","Sigma 150-600s","250mm","6.3","1/320","125","0"
"2088189367","birds","2016-08-05 19:56:01","2016:03:17 11:33:39","2088189367.jpg","1V9A7047 copy.jpg","Caribbean Flamingo","Jurying Bird Park  Carribean ","Canon EOS 7D Mark II","Sigma 150-600s","150mm","10","1/250","400","0"
"1421136227","birds","2016-08-05 19:56:24","2016:03:17 11:33:56","1421136227.jpg","1V9A7048.jpg","Caribbean Flamingo","Jurying Bird Park    Caribbean ","Canon EOS 7D Mark II","Sigma 150-600s","206mm","10","1/400","1600","0"
"1072864291","birds","2016-08-05 19:57:10","2016:03:17 11:34:33","1072864291.jpg","1V9A7049.jpg","White Breasted Waterhen","Jurying Bird Park   China SE Asia Philippines","Canon EOS 7D Mark II","Sigma 150-600s","600mm","10","1/1000","6400","0"
"1862416022","birds","2016-08-05 19:57:35","2016:03:17 11:35:06","1862416022.jpg","1V9A7053.jpg","Caribbean Flamingo","Jurying Bird Park","Canon EOS 7D Mark II","Sigma 150-600s","150mm","10","1/250","400","0"
"97312043","birds","2016-08-05 19:58:11","2016:03:17 12:39:45","97312043.jpg","1V9A7155.jpg","Great Blue Turaco","Jurying Bird Park  Africa","Canon EOS 7D Mark II","Sigma 150-600s","221mm","8","1/320","5000","0"
"1231936109","birds","2016-08-05 19:59:05","2016:03:17 11:37:05","1231936109.jpg","1V9A7055.jpg","Black Crowned Night Heron","Jurying Bird Park  The Americas","Canon EOS 7D Mark II","Sigma 150-600s","160mm","10","1/200","6400","0"
"1854323159","birds","2016-08-05 19:59:33","2016:03:17 11:37:27","1854323159.jpg","1V9A7057.jpg","Saddle Billed Stalk ","Jurying Bird Park  South Africa Kenya","Canon EOS 7D Mark II","Sigma 150-600s","160mm","10","1/160","6400","0"
"1386512727","birds","2016-08-05 19:59:54","2016:03:17 12:39:57","1386512727.jpg","1V9A7158.jpg","Speckled Wood Pigeon","Jurying Bird Park    Himalayas","Canon EOS 7D Mark II","Sigma 150-600s","270mm","8","1/500","1000","0"
"1599238578","birds","2016-08-05 20:01:35","2016:03:17 11:38:06","1599238578.jpg","1V9A7061.jpg","Black Crowned Night Heron Juvenile","Jurying Bird Park","Canon EOS 7D Mark II","Sigma 150-600s","350mm","10","1/320","6400","0"
"1287575925","birds","2016-08-05 20:03:03","2016:03:17 11:39:35","1287575925.jpg","1V9A7066.jpg","Grey Crowned Crane","Jurying Bird Park      South Africa","Canon EOS 7D Mark II","Sigma 150-600s","210mm","10","1/200","6400","0"
"287281138","birds","2016-08-05 20:03:30","2016:03:17 11:46:26","287281138.jpg","1V9A7069.jpg","Saras Crane","Jurying Bird Park   Indian Sub continent Asia australia","Canon EOS 7D Mark II","Sigma 150-600s","150mm","10","1/100","6400","0"
"1975923902","birds","2016-08-05 20:03:56","2016:03:17 11:48:57","1975923902.jpg","1V9A7073.jpg","Common Pheasant ","Jurying Bird Park   Asia","Canon EOS 7D Mark II","Sigma 150-600s","150mm","10","1/50","6400","0"
"2023336097","birds","2016-08-05 20:04:16","2016:03:17 11:54:11","2023336097.jpg","1V9A7085.jpg","Nicobar Pigeon","Jurying Bird Park   Malay to Solomons","Canon EOS 7D Mark II","Sigma 150-600s","175mm","10","1/30","6400","0"
"1585837780","birds","2016-08-05 20:05:17","2016:03:17 12:08:08","1585837780.jpg","1V9A7106.jpg","Greater Flamingo","Jurying Bird Park","Canon EOS 7D Mark II","Sigma 150-600s","321mm","8","1/500","1250","0"
"1454295612","birds","2016-08-05 20:05:41","2016:03:17 12:08:50","1454295612.jpg","1V9A7107.jpg","Dalmatian Pelican","Juryong Bird Park   Southern Europe India China","Canon EOS 7D Mark II","Sigma 150-600s","329mm","8","1/500","1250","0"
"1969911849","birds","2016-08-05 20:06:04","2016:03:17 12:10:16","1969911849.jpg","1V9A7112.jpg","American White Pelican","Jurying Bird Park    America","Canon EOS 7D Mark II","Sigma 150-600s","221mm","8","1/400","250","0"
"1612353308","birds","2016-08-05 20:06:26","2016:03:17 12:11:47","1612353308.jpg","1V9A7115.jpg","Pink Backed Pelican","Jurong Bird Park  South Africa","Canon EOS 7D Mark II","Sigma 150-600s","309mm","8","1/500","1250","0"
"1993219827","birds","2016-08-05 20:06:54","2016:03:17 12:13:19","1993219827.jpg","1V9A7118.jpg","Painted Stork","Jurying Bird Park Himalayas Indian sub continent SE Asia","Canon EOS 7D Mark II","Sigma 150-600s","279mm","8","1/500","3200","0"
"101255673","birds","2016-08-05 20:07:23","2016:03:17 12:13:53","101255673.jpg","1V9A7120.jpg","Black Crowned Night Heron","Jurying Bird Park  The Americas","Canon EOS 7D Mark II","Sigma 150-600s","309mm","8","1/500","1250","0"
"1551744573","birds","2016-08-05 20:07:54","2016:03:17 12:21:17","1551744573.jpg","1V9A7126.jpg","African Grey Parrot female","Juryong Bird Park    Africa","Canon EOS 7D Mark II","Sigma 150-600s","195mm","8","1/250","6400","0"
"483833382","birds","2016-08-05 20:08:25","2016:03:17 12:27:29","483833382.jpg","1V9A7131.jpg","Asian Glossy Starling","Jurying Bird Park","Canon EOS 7D Mark II","Sigma 150-600s","420mm","8","1/200","6400","0"
"450468209","birds","2016-08-05 20:09:16","2016:03:17 12:27:49","450468209.jpg","1V9A7132.jpg","Village Weaver   male ","Jurying Bird Park    Sub Saharan Africa","Canon EOS 7D Mark II","Sigma 150-600s","420mm","8","1/640","6400","0"
"66529967","birds","2016-08-05 20:09:38","2016:03:17 12:29:29","66529967.jpg","1V9A7140.jpg","Western Plantain Eater","Jurying Bird Park   West Africa","Canon EOS 7D Mark II","Sigma 150-600s","309mm","8","1/500","4000","0"
"1741401405","birds","2016-08-05 20:09:59","2016:03:17 12:29:35","1741401405.jpg","1V9A7141.jpg","Blue Crowned Concur","Jurying Bird Park   South America","Canon EOS 7D Mark II","Sigma 150-600s","309mm","8","1/400","5000","0"
"1989267949","birds","2016-08-05 20:10:26","2016:03:17 12:29:45","1989267949.jpg","1V9A7142.jpg","Monk Parrot","Jurying Bird Park  south America","Canon EOS 7D Mark II","Sigma 150-600s","240mm","8","1/320","2000","0"
"1212768526","birds","2016-08-05 20:10:58","2016:03:17 12:34:14","1212768526.jpg","1V9A7149.jpg","Victorian Crowned Pigeon","Jurong Bird Park New Guinea","Canon EOS 7D Mark II","Sigma 150-600s","170mm","8","1/100","6400","0"
"2135754105","birds","2016-08-05 20:11:23","2016:03:17 12:36:10","2135754105.jpg","1V9A7150.jpg","Tristrams Starling","Jurying Bird Park  Egypt Yemen Omen","Canon EOS 7D Mark II","Sigma 150-600s","175mm","8","1/20","6400","0"
"1386765546","birds","2016-08-05 20:12:13","2016:03:17 12:39:45","1386765546.jpg","1V9A7155.jpg","Great Blue Turaco","Jurying Bird Park   Africa","Canon EOS 7D Mark II","Sigma 150-600s","221mm","8","1/320","5000","0"
"1173871688","birds","2016-08-05 20:15:09","2016:03:17 12:43:13","1173871688.jpg","1V9A7174.jpg","Common Hill Myna ","Jurying Bird Park  South East Asia ","Canon EOS 7D Mark II","Sigma 150-600s","206mm","8","1/40","6400","0"
"1355455384","birds","2016-08-05 20:15:45","2016:03:17 12:43:50","1355455384.jpg","1V9A7176.jpg","Village Weaver   male ","Jurying Bird Park  Sub Saharan Africa","Canon EOS 7D Mark II","Sigma 150-600s","210mm","8","1/125","6400","0"
"806053210",,"2016-08-05 20:16:16",,"806053210.jpg","1V9A7177.jpg",,,,,,,,,"0"
"785616338","birds","2016-08-05 20:16:22","2016:03:17 12:44:08","785616338.jpg","1V9A7177.jpg","Red Crested Turaco","Jurying Bird Park   Angola","Canon EOS 7D Mark II","Sigma 150-600s","210mm","8","1/125","6400","0"
"1522763300","birds","2016-08-05 20:23:44","2016:03:17 12:44:32","1522763300.jpg","1V9A7182.jpg","Common Hill Minor","Jurying Bird park Singapore India china Thai-Malay Peninsular","Canon EOS 7D Mark II","Sigma 150-600s","210mm","8","1/200","6400","0"
"45406798","birds","2016-08-05 20:25:46","2016:03:17 12:57:26","45406798.jpg","1V9A7192.jpg","Rosette Spoonbill","South America","Canon EOS 7D Mark II","Sigma 150-600s","350mm","8","1/500","3200","0"
"336377755","birds","2016-08-05 20:26:40","2016:03:17 13:04:12","336377755.jpg","1V9A7195.jpg","Lesser Adjutant","Jurong Bird Park    Myanmar","Canon EOS 7D Mark II","Sigma 150-600s","160mm","8","1/160","6400","0"
"680239953","birds","2016-08-05 20:27:02","2016:03:17 13:04:59","680239953.jpg","1V9A7199.jpg","Lesser Adjutant","Jurong Bird Park   Myanmar","Canon EOS 7D Mark II","Sigma 150-600s","170mm","8","1/100","6400","0"
"678035231","birds","2016-08-05 20:27:28","2016:03:17 13:05:59","678035231.jpg","1V9A7201.jpg","Jungle Myna ","Singapore","Canon EOS 7D Mark II","Sigma 150-600s","210mm","8","1/400","3200","0"
"364963194","birds","2016-08-05 20:27:51","2016:03:17 13:11:11","364963194.jpg","1V9A7210.jpg","Yellow Hooded Blackbird","Jurying Bird Park   South America","Canon EOS 7D Mark II","Sigma 150-600s","180mm","8","1/250","640","0"
"910942044","birds","2016-08-05 20:28:13","2016:03:17 13:13:23","910942044.jpg","1V9A7219.jpg","African Olive Pigeon","Jurying Bird Park   Eastern Africa","Canon EOS 7D Mark II","Sigma 150-600s","321mm","8","1/640","3200","0"
"205665442","birds","2016-08-05 20:28:37","2016:03:17 13:14:04","205665442.jpg","1V9A7221.jpg","Hawke Parrot","Jurying Bird Park  Amazon","Canon EOS 7D Mark II","Sigma 150-600s","192mm","8","1/250","6400","0"
"831073338","birds","2016-08-05 20:29:11","2016:03:17 13:43:18","831073338.jpg","1V9A7238.jpg","Blue Streaked Lory","Jurying Bird Park  Indonesia","Canon EOS 7D Mark II","Sigma 150-600s","185mm","8","1/320","2000","0"
"933533528","birds","2016-08-05 20:30:20","2016:03:17 13:54:51","933533528.jpg","1V9A7242.jpg","Long Tailed Glossy Starling","Jurying bird Park   South Africa","Canon EOS 7D Mark II","Sigma 150-600s","270mm","8","1/500","6400","0"
"1690818812","birds","2016-08-05 20:30:47","2016:03:17 13:55:25","1690818812.jpg","1V9A7244.jpg","Peruvian Pigeon","Jurying Bird Park    Peru Equador","Canon EOS 7D Mark II","Sigma 150-600s","180mm","8","1/320","3200","0"
"1367231701","birds","2016-08-05 20:31:10","2016:03:17 14:10:51","1367231701.jpg","1V9A7250.jpg","Blue and Gold Macaw","Jurying Bird Park   South America","Canon EOS 7D Mark II","Sigma 150-600s","160mm","8","1/200","6400","0"
"396954145","birds","2016-08-05 20:33:37","2016:03:07 16:21:07","396954145.jpg","IMG_5451.jpg","Asian Open-billed Stork","Myanmar","Canon PowerShot SX700 HS","Sigma 150-600s","135mm","6.9","1/320","125","0"
"955417097","birds","2016-08-05 20:34:08","2016:03:07 16:22:32","955417097.jpg","IMG_5456.jpg","? Black Bittern","Myanmar","Canon PowerShot SX700 HS","Sigma 150-600s","135mm","6.9","1/320","125","0"
"138093361","birds","2016-08-05 20:34:34","2016:03:07 16:23:06","138093361.jpg","IMG_5457.jpg","Open Billed Stork","Myanmar","Canon PowerShot SX700 HS","Sigma 150-600s","135mm","6.9","1/320","160","0"
"1533440837","birds","2016-08-05 20:35:00","2016:03:12 13:16:03","1533440837.jpg","IMG_5473.jpg","White Throated Kingfisher","Myanmar","Canon PowerShot SX700 HS","Sigma 150-600s","135mm","6.9","1/320","125","0"
"912821675","birds","2016-08-05 20:35:31","2016:03:13 13:27:20","912821675.jpg","IMG_5476.jpg","Indian Roller ","Myanmar","Canon PowerShot SX700 HS","Sigma 150-600s","135mm","6.9","1/200","100","0"
"974276153","birds","2016-08-05 20:35:53","2016:03:16 17:33:24","974276153.jpg","IMG_5516.jpg","Olive Winged Bulbul","Singapore","Canon PowerShot SX700 HS","Sigma 150-600s","109.23699421965mm","6.3","1/320","1250","0"
"217424303","birds","2016-08-05 20:36:26","2016:03:16 17:55:25","217424303.jpg","IMG_5518.jpg","Purple Heron ","Singapore","Canon PowerShot SX700 HS","Sigma 150-600s","109.23699421965mm","6.3","1/320","1000","0"
"945481206","birds","2016-08-05 20:37:07","2016:03:17 12:49:52","945481206.jpg","IMG_5535.jpg","Andean Cock Of The Rock","Jurying Bird Park  South America","Canon PowerShot SX700 HS","Sigma 150-600s","34.608996539792mm","5.6","1/20","800","0"
"1841735356","birds","2016-08-05 20:37:38","2016:03:17 12:59:26","1841735356.jpg","IMG_5541.jpg","Red Ibis ","Jurying Bird Park  South America and Caribbean","Canon PowerShot SX700 HS","Sigma 150-600s","29.774mm","5.6","1/200","200","0"
"1675374449","birds","2016-08-05 20:38:00","2016:03:17 12:59:32","1675374449.jpg","IMG_5542.jpg","Rosette Spoonbill","Jurying Bird Park      Central and South America","Canon PowerShot SX700 HS","Sigma 150-600s","29.774mm","5.6","1/250","200","0"
"61193476","birds","2016-08-05 20:38:25","2016:03:17 13:17:37","61193476.jpg","IMG_5556.jpg","King Penguin","Jurying Bird Park    Antartica","Canon PowerShot SX700 HS","Sigma 150-600s","26.769mm","5","1/20","800","0"
"1386087053","birds","2016-08-05 21:52:00","2016:03:17 11:37:40","1386087053.jpg","1V9A7058.jpg","Saddle Billed Stork","Jurying Bird Park  South Africa Kenya","Canon EOS 7D Mark II","Sigma 150-600s","150mm","10","1/200","5000","0"
"819357184","birds","2016-08-06 23:23:28","2016:03:17 12:44:20","819357184.jpg","1V9A7179.jpg","Superb Starling","Jurying Bird Park   East Africa","Canon EOS 7D Mark II","Sigma 150-600s","210mm","8","1/250","6400","0"
"1314924486","birds","2016-08-09 19:44:20","2014:09:27 12:20:13","1314924486.jpg","IMG_0970.jpg","Yellow Faced Honey-eater",,"Canon EOS 550D","Sigma 150-600s","400mm","7.1","1/500","500","0"
"1197174130","birds","2016-08-09 19:45:03","2014:09:29 09:56:10","1197174130.jpg","IMG_1025.jpg","Scarlet Honey Eater",,"Canon EOS 550D","Sigma 150-600s","400mm","7.1","1/640","160","0"
"2138082760","birds","2016-08-09 19:45:22","2014:09:29 10:01:36","2138082760.jpg","IMG_1045.jpg","Lewin Honey-eater",,"Canon EOS 550D","Sigma 150-600s","214mm","7.1","1/320","160","0"
"2083711547","birds","2016-08-09 19:45:44","2014:10:06 16:18:37","2083711547.jpg","IMG_1185.jpg","New Zealand Dotterel","New zealand","Canon EOS 550D","Sigma 150-600s","400mm","11","1/500","1000","0"
"1268636713",,"2016-08-09 19:46:11",,"1268636713.jpg","IMG_1200.jpg",,,,,,,,,"0"
"974792739","birds","2016-08-09 19:46:25","2014:10:06 16:19:55","974792739.jpg","IMG_1200.jpg","South Island Pied Oyster catcher","New zealand","Canon EOS 550D","Sigma 150-600s","400mm","11","1/500","1000","0"
"219335605","birds","2016-08-09 19:46:44","2014:10:06 16:35:59","219335605.jpg","IMG_1256.jpg","New Zealand Kingfisher","New zealand","Canon EOS 550D","Sigma 150-600s","400mm","5.6","1/640","400","0"
"824980051","birds","2016-08-09 19:47:09","2014:10:06 16:41:10","824980051.jpg","IMG_1262.jpg","European Greenfinch","New Zealand","Canon EOS 550D","Sigma 150-600s","400mm","5.6","1/500","320","0"
"170143386","birds","2016-08-09 19:47:31","2014:10:07 16:51:35","170143386.jpg","IMG_1354.jpg","Varied  Oyster Catchers","New Zealand",,"Sigma 150-600s","mm",,,,"0"
"1670572976","birds","2016-08-09 19:48:00","2014:10:07 17:01:57","1670572976.jpg","IMG_1383.jpg","House Sparrow","New Zealand","Canon EOS 550D","Sigma 150-600s","400mm","7.1","1/640","800","0"
"170290952","birds","2016-08-09 19:48:22","2014:10:07 17:18:02","170290952.jpg","IMG_1413.jpg","European Blackbird  female","New Zealand","Canon EOS 550D","Sigma 150-600s","400mm","5.6","1/400","3200","0"
"183686457",,"2016-08-09 19:48:42",,"183686457.jpg","IMG_1415.jpg",,,,,,,,,"0"
"289915254","birds","2016-08-09 19:49:07","2014:10:07 17:19:26","289915254.jpg","IMG_1425.jpg","European Chaffinch","New Zealand","Canon EOS 550D","Sigma 150-600s","400mm","5.6","1/500","2500","0"
"2035117476","birds","2016-08-09 19:49:29","2014:10:07 17:22:35","2035117476.jpg","IMG_1440.jpg","Californian Quail","New Zealand",,"Sigma 150-600s","mm",,,,"0"
"271948228","birds","2016-08-09 19:49:55","2014:10:07 17:25:28","271948228.jpg","IMG_1449.jpg","European Blackbird  male","New Zealand","Canon EOS 550D","Sigma 150-600s","171mm","5.6","1/320","3200","0"
"1619273217","birds","2016-08-09 19:50:28","2014:10:07 17:26:57","1619273217.jpg","IMG_1456.jpg","Tui","New Zealand","Canon EOS 550D","Sigma 150-600s","400mm","5.6","1/200","3200","0"
"1329918598","birds","2016-08-09 19:50:56","2014:10:07 17:28:38","1329918598.jpg","IMG_1466.jpg","Tui","New Zealand","Canon EOS 550D","Sigma 150-600s","400mm","5.6","1/125","3200","0"
"528594447","birds","2016-08-09 19:51:20","2014:10:07 17:35:09","528594447.jpg","IMG_1476.jpg","Variable Oyster Catchers","New Zealand","Canon EOS 550D","Sigma 150-600s","400mm","5.6","1/640","3200","0"
"758317503","birds","2016-08-09 19:52:44","2014:10:07 17:37:51","758317503.jpg","IMG_1499.jpg","New Zealand Dotterel","New Zealand","Canon EOS 550D","Sigma 150-600s","400mm","5.6","1/500","1600","0"
"376835881","birds","2016-08-09 19:53:58","2014:10:08 05:18:18","376835881.jpg","IMG_2618.jpg","Kerru  Green Wood Pigeon","New Zealand",,"Sigma 150-600s","mm",,,,"0"
"1859521220","birds","2016-08-09 19:54:28","2014:10:10 07:27:38","1859521220.jpg","IMG_1903.jpg","New Zealand Scaup","New Zealand","Canon EOS 550D","Sigma 150-600s","250mm","8","1/400","500","0"
"1511950304",,"2016-08-09 19:55:00",,"1511950304.jpg","IMG_1936.jpg",,,,,,,,,"0"
"1527502661","birds","2016-08-09 19:55:34","2014:10:10 11:48:48","1527502661.jpg","IMG_1992.jpg","European Chaffinch","New Zealand",,"Sigma 150-600s","mm",,,,"0"
"306050733","birds","2016-08-09 19:55:57","2014:10:10 11:49:58","306050733.jpg","IMG_1994.jpg","European Gold Finch","New Zealand","Canon EOS 550D","Sigma 150-600s","250mm","6.3","1/400","125","0"
"158665985","birds","2016-08-09 19:56:20","2014:10:10 11:59:12","158665985.jpg","IMG_2017.jpg","European Chaffinch","New Zealand","Canon EOS 550D","Sigma 150-600s","400mm","8","1/640","640","0"
"246779763","birds","2016-08-09 19:58:38","2014:10:10 12:24:59","246779763.jpg","IMG_2060.jpg","Mallard female","New Zealand","Canon EOS 550D","Sigma 150-600s","400mm","8","1/640","3200","0"
"1807240342","birds","2016-08-09 19:59:08","2014:10:10 12:26:55","1807240342.jpg","IMG_2065.jpg","Mallard ","New Zealand","Canon EOS 550D","Sigma 150-600s","400mm","8","1/500","1250","0"
"1449006054","birds","2016-08-09 19:59:33","2014:10:10 12:31:10","1449006054.jpg","IMG_2071.jpg","New Zealand Dabchick","New Zealand","Canon EOS 550D","Sigma 150-600s","400mm","9","1/500","200","0"
"560785177","birds","2016-08-09 20:00:02","2014:10:10 12:36:46","560785177.jpg","IMG_2093.jpg","Silver Eye ","New Zealand","Canon EOS 550D","Sigma 150-600s","400mm","9","1/500","1000","0"
"149775004","birds","2016-08-09 20:00:46","2014:10:10 13:01:47","149775004.jpg","IMG_2122.jpg","Grey Warbler","New Zealand","Canon EOS 550D","Sigma 150-600s","400mm","8","1/640","800","0"
"975666769","birds","2016-08-09 20:01:17","2014:10:10 13:05:30","975666769.jpg","IMG_2129.jpg","Cirl Bunting","New Zealand","Canon EOS 550D","Sigma 150-600s","400mm","8","1/500","1000","0"
"1290447348","birds","2016-08-11 03:37:28","2016:03:17 13:11:32","1290447348.jpg","1V9A7214.jpg","common Shelduck","Jurying Bird Park  Southern Europe","Canon EOS 7D Mark II","Sigma 150-600s","150mm","8","1/200","500","0"
"38759880","birds","2016-08-11 03:39:05","2016:03:17 13:15:27","38759880.jpg","1V9A7227.jpg","Rosy Billed Pochard","Jurying Bird Park  South South America","Canon EOS 7D Mark II","Sigma 150-600s","200mm","8","1/320","1000","0"
"715151781","birds","2016-08-17 20:52:51","2016:08:18 11:45:03","715151781.jpg","1V9A2539.jpg","Little Lorikeet",,"Canon EOS 7D Mark II","Sigma 150-600s","600mm","7.1","1/1000","4000","0"
"749027179","birds","2016-08-18 22:55:35","2016:08:19 09:47:31","749027179.jpg","1V9A2576.jpg","Beach Stone Curlew",,"Canon EOS 7D Mark II","Sigma 150-600s","600mm","7.1","1/800","500","0"
"967461320",,"2016-08-22 04:01:40",,"967461320.jpg","1V9A2840.jpg",,,,,,,,,"0"
"1649986447",,"2016-08-22 04:02:21",,"1649986447.jpg","1V9A2840.jpg",,,,,,,,,"0"
"1779784891","birds","2016-08-22 04:03:45","2016:08:21 11:08:35","1779784891.jpg","1V9A2840.jpg","Restless Fly-catcher",,"Canon EOS 7D Mark II","Sigma 150-600s","600mm","7.1","1/800","2000","0"
"1471239085","birds","2016-09-03 16:24:37","2016:09:03 09:59:51","1471239085.jpg","1V9A3080 copy.jpg","Noisy Pitta",,"Canon EOS 7D Mark II","Sigma 150-600s","600mm","8","1/320","6400","0"
"269157061","birds","2016-09-21 22:46:45","2016:09:22 15:10:48","269157061.jpg","1V9A3793 copy.jpg","Black-faced Monarch",,"Canon EOS 7D Mark II","Sigma 150-600s","600mm","9","1/160","6400","0"
"727408336","birds","2016-09-23 15:49:39","2016:09:23 10:16:04","727408336.jpg","1V9A3817.jpg","Wompoo  Fruit Dove",,"Canon EOS 7D Mark II","Sigma 150-600s","309mm","7.1","1/500","6400","0"
"1883588664","birds","2016-09-25 20:05:58","2015:01:22 15:21:51","1883588664.jpg","IMG_5091.jpg","Ruddy Turnstone",,"Canon EOS 550D","Sigma 150-600s","560mm","11","1/1000","1250","0"
"1439669220","birds","2016-10-02 15:37:56","2016:10:02 16:16:28","1439669220.jpg","1V9A3984.jpg","Sacred Kingfisher",,"Canon EOS 7D Mark II","Sigma 150-600s","600mm","7.1","1/800","100","0"
"1874790473","birds","2016-10-02 15:39:55","2016:10:02 17:16:27","1874790473.jpg","1V9A4008.jpg","Sacred Kingfisher",,"Canon EOS 7D Mark II","Sigma 150-600s","600mm","8","1/1000","1600","0"
"92589297","birds","2016-10-06 03:18:21","2016:10:06 08:59:23","92589297.jpg","1V9A4078.jpg","Rufous Whistler  female",,"Canon EOS 7D Mark II","Sigma 150-600s","600mm","11","1/800","2000","0"
"1565834386","birds","2016-10-06 03:21:09","2016:10:06 09:15:43","1565834386.jpg","1V9A4091.jpg","White Throated Gerygone",,"Canon EOS 7D Mark II","Sigma 150-600s","600mm","11","1/640","6400","0"
"585886948","birds","2016-10-10 23:16:38","2016:10:11 13:46:58","585886948.jpg","1V9A4293.jpg","Rose Crowned Fruit Dove",,"Canon EOS 7D Mark II","Sigma 150-600s","569mm","9","1/250","6400","0"
"539402538",,"2016-10-14 14:34:01",,"539402538.jpg","1V9A4129.jpg",,,,,,,,,"0"
"705817519","birds","2016-10-14 14:34:11","2016:10:08 12:57:31","705817519.jpg","1V9A4129.jpg","Powerful Owl  male",,"Canon EOS 7D Mark II","Sigma 150-600s","440mm","6.3","1/100","6400","0"
"1348689061","birds","2016-10-14 14:35:17","2016:10:11 13:07:20","1348689061.jpg","1V9A4241.jpg","Powerful Owl ","First day out of nest.","Canon EOS 7D Mark II","Sigma 150-600s","569mm","7.1","1/800","1250","0"
"922096549","birds","2016-11-04 19:20:03","2016:11:01 09:35:56","922096549.jpg","1V9A4822.jpg","LittlePenguin","Captive bird Billabong Zoo Port Macquarie","Canon EOS 7D Mark II","Sigma 150-600s","120mm","11","1/100","6400","0"
"1701680467","birds","2016-11-04 19:52:16","2016:10:27 10:40:07","1701680467.jpg","1V9A4683.jpg","Red Necked Stint",,"Canon EOS 7D Mark II","Sigma 150-600s","600mm","8","1/800","320","0"
"2118941841","birds","2016-12-19 21:43:53","2016:11:12 13:16:35","2118941841.jpg","1V9A5249 copy.jpg","Little Bronze Cuckoo",,"Canon EOS 7D Mark II","Sigma 150-600s","600mm","8","1/800","800","0"
"1997201047","birds","2016-12-19 21:45:07","2016:11:15 09:13:15","1997201047.jpg","1V9A5522_edited-1.jpg","Beach Stone Cerlew",,"Canon EOS 7D Mark II","Sigma 150-600s","600mm","7.1","1/1250","100","0"
"470541998","birds","2016-12-19 21:46:16","2016:12:16 14:52:25","470541998.jpg","1V9A6601.jpg","Lucistic Magpie","lucistic :lack of colour pigmentation","Canon EOS 7D Mark II","Sigma 150-600s","600mm","7.1","1/1250","640","0"
"1113058938",,"2017-02-11 19:35:06",,"1113058938.jpg","1V9A7397.jpg",,,,,,,,,"0"
"940993930","birds","2017-02-11 19:35:14","2017:02:07 07:12:05","940993930.jpg","1V9A7397.jpg","Barred Cuckoo Shrike",,"Canon EOS 7D Mark II","Sigma 150-600s","600mm","7.1","1/1250","250","0"
"1977599894","birds","2017-02-11 19:36:40","2017:02:02 16:47:09","1977599894.jpg","1V9A7320.jpg","Wedge-tailed Shearwater",,"Canon EOS 7D Mark II","Sigma 150-600s","600mm","7.1","1/1250","640","0"
"1807089663","birds","2017-02-11 19:37:32","2017:02:02 16:44:31","1807089663.jpg","1V9A7314.jpg","Huttons Shearwater",,"Canon EOS 7D Mark II","Sigma 150-600s","600mm","7.1","1/1250","640","0"
"1972871644",,"2017-02-12 19:21:39",,"1972871644.jpg","1V9A5360.jpg",,,,,,,,,"0"
"1483260361","birds","2017-02-12 19:23:39","2016:11:14 06:27:38","1483260361.jpg","1V9A5360.jpg","White-winged triller",,"Canon EOS 7D Mark II","Sigma 150-600s","600mm","7.1","1/1250","1250","0"
"1355344845","birds","2017-02-12 19:25:17","2017:02:13 09:33:06","1355344845.jpg","1V9A7632.jpg","Grey Plover",,"Canon EOS 7D Mark II","Sigma 150-600s","600mm","7.1","1/1250","100","0"
"860940716","birds","2017-02-12 19:26:01","2017:02:13 09:22:12","860940716.jpg","1V9A7591.jpg","Double-banded Plover",,"Canon EOS 7D Mark II","Sigma 150-600s","600mm","7.1","1/1250","100","0"
"630901695",,"2017-02-24 21:32:41",,"630901695.jpg","1V9A7904.jpg",,,,,,,,,"0"
"517287878","birds","2017-02-24 21:32:59","2017:02:24 10:46:52","517287878.jpg","1V9A7904.jpg","Freckled Duck","Captive bird Shortland Wetland Centre","Canon EOS 7D Mark II","Sigma 150-600s","150mm","7.1","1/1250","2500","0"
"652085038",,"2017-03-03 19:03:00",,"652085038.jpg","1V9A8213.jpg",,,,,,,,,"0"
"17261542","birds","2017-03-03 19:03:09","2017:03:04 09:15:37","17261542.jpg","1V9A8213.jpg","Tree Martin",,"Canon EOS 7D Mark II","Sigma 150-600s","600mm","7.1","1/1250","250","0"
"1945705154",,"2017-03-25 02:42:54",,"1945705154.jpg","1V9A8984.jpg",,,,,,,,,"0"
"1043007123","birds","2017-03-25 02:46:50","2017:03:16 10:44:40","1043007123.jpg","1V9A9336.jpg","Stork-billed Kingfisher","Borneo","Canon EOS 7D Mark II","Sigma 150-600s","600mm","8","1/1250","1000","0"
"644840721",,"2017-03-25 02:52:03",,"644840721.jpg","1V9A8932.jpg",,,,,,,,,"0"
"328260918","birds","2017-03-25 02:52:14","2017:03:15 13:07:23","328260918.jpg","1V9A8932.jpg","Crested Hawk Eagle","Borneo","Canon EOS 7D Mark II","Sigma 150-600s","600mm","7.1","1/1250","800","0"
"1992820041",,"2017-03-25 02:56:14",,"1992820041.jpg","1V9A8445.jpg",,,,,,,,,"0"
"1447863444","birds","2017-03-25 02:57:31","2017:03:10 18:40:22","1447863444.jpg","1V9A8445.jpg","Blue Throated Bee-eater","Borneo","Canon EOS 7D Mark II","Sigma 150-600s","600mm","7.1","1/1250","320","0"
"432127563","birds","2017-04-01 15:35:37","2017:03:30 09:26:21","432127563.jpg","1V9A0023.jpg","Australian Shovelled Duck",,"Canon EOS 7D Mark II","Sigma 150-600s","600mm","10","1/800","1250","0"
